epoch,time,train/box_loss,train/seg_loss,train/cls_loss,train/dfl_loss,metrics/precision(B),metrics/recall(B),metrics/mAP50(B),metrics/mAP50-95(B),metrics/precision(M),metrics/recall(M),metrics/mAP50(M),metrics/mAP50-95(M),val/box_loss,val/seg_loss,val/cls_loss,val/dfl_loss,lr/pg0,lr/pg1,lr/pg2
1,7.10543,0.00631,0.01895,2.66833,1.34172,0.01933,0.85294,0.06869,0.04421,0.01867,0.82353,0.0647,0.02855,0.00616,0.01835,2.70049,1.31841,0.1,0,0
2,8.39572,0.00686,0.02208,2.74826,1.4285,0.01933,0.85294,0.08371,0.05521,0.01867,0.82353,0.07646,0.03426,0.00615,0.01837,2.70807,1.32564,0.09901,9.99505e-06,9.99505e-06
3,9.71533,0.00692,0.02203,2.78315,1.39471,0.01933,0.85294,0.07724,0.05228,0.01867,0.82353,0.07643,0.03319,0.00621,0.01841,2.70744,1.33912,0.09802,1.99802e-05,1.99802e-05
4,11.0662,0.00744,0.02444,2.75184,1.45972,0.01933,0.85294,0.0941,0.059,0.01867,0.82353,0.09336,0.03997,0.00621,0.01838,2.69987,1.34131,0.09703,2.99555e-05,2.99555e-05
5,12.298,0.00742,0.02472,2.81462,1.47543,0.01933,0.85294,0.07253,0.05178,0.018,0.79412,0.0781,0.03576,0.00639,0.01838,2.69577,1.35098,0.0960399,3.99208e-05,3.99208e-05
6,13.4984,0.00663,0.02164,2.76401,1.38899,0.01933,0.85294,0.06075,0.04216,0.01867,0.82353,0.05197,0.02338,0.00656,0.05376,2.70707,1.53291,0.0950499,4.98763e-05,4.98763e-05
7,14.8044,0.00576,0.01636,2.31941,1.2702,0.01733,0.76471,0.14233,0.09524,0.01267,0.55882,0.08945,0.04019,0.00941,0.05302,2.71252,1.91866,0.0940598,5.98218e-05,5.98218e-05
8,16.2138,0.00584,0.01424,2.07884,1.34973,0.01467,0.64706,0.09995,0.03897,0.012,0.52941,0.07384,0.01687,0.01438,0.097,3.08894,2.66866,0.0930698,6.97574e-05,6.97574e-05
9,17.4681,0.00516,0.01258,1.84175,1.22469,0.02086,0.52941,0.06431,0.0239,0.01738,0.44118,0.03251,0.00854,0.01858,0.07763,3.39928,3.28362,0.0920797,7.96832e-05,7.96832e-05
10,18.7485,0.00429,0.01006,1.66622,1.12007,0.01779,0.44118,0.07302,0.03,0.00949,0.23529,0.02494,0.00345,0.02024,0.07807,3.48595,3.40254,0.0910896,8.9599e-05,8.9599e-05
11,20.1479,0.00424,0.00978,1.62326,1.12482,0.01661,0.44118,0.07027,0.03312,0,0,0,0,0.02041,0.11876,3.5426,3.40954,0.0900995,9.9505e-05,9.9505e-05
12,21.4739,0.00464,0.01159,1.44242,1.16974,0.01919,0.58824,0.10155,0.04654,0,0,0,0,0.02113,0.12318,3.34904,3.4443,0.0891094,0.000109401,0.000109401
13,22.7668,0.00414,0.00938,1.2784,1.08084,0.01636,0.61765,0.07992,0.03036,0,0,0,0,0.01971,0.13011,3.19669,3.22253,0.0881193,0.000119287,0.000119287
14,24.0958,0.00402,0.00933,1.21907,1.07316,0.01533,0.67647,0.07135,0.02037,0,0,0,0,0.01816,0.12135,2.98161,3.01531,0.0871292,0.000129163,0.000129163
15,25.457,0.00432,0.01058,1.24112,1.14726,0.01467,0.64706,0.09076,0.02849,0.00533,0.23529,0.00397,0.0007,0.01969,0.08558,3.06588,3.29533,0.086139,0.00013903,0.00013903
16,26.7202,0.00396,0.00942,1.07759,1.09213,0.01476,0.64706,0.06534,0.01693,0.00671,0.29412,0.00491,0.0008,0.02162,0.09434,3.1791,3.7243,0.0851489,0.000148886,0.000148886
17,28.0604,0.00445,0.00904,1.10318,1.10821,0.0142,0.61765,0.06308,0.01598,0.00068,0.02941,0.00039,0.00011,0.023,0.14303,3.2469,4.35957,0.0841587,0.000158733,0.000158733
18,29.3826,0.00422,0.0093,1.05455,1.1047,0.0124,0.52941,0.03188,0.00907,0.00138,0.05882,0.00094,0.00027,0.02398,0.18341,3.42019,4.74983,0.0831686,0.000168569,0.000168569
19,31.5936,0.00458,0.00986,1.09896,1.12144,0.01185,0.5,0.03016,0.00943,0.00209,0.08824,0.00167,0.00037,0.024,0.24036,3.47684,4.83745,0.0821784,0.000178396,0.000178396
20,33.345,0.00442,0.00982,1.0168,1.12033,0.01074,0.44118,0.02183,0.00598,0.00501,0.20588,0.00504,0.00106,0.02426,0.29406,3.62081,4.73338,0.0811882,0.000188213,0.000188213
21,34.7228,0.00406,0.00873,0.97481,1.03301,0.01164,0.5,0.0262,0.00664,0.00753,0.32353,0.00871,0.00171,0.02353,0.34072,3.55347,4.51831,0.080198,0.00019802,0.00019802
22,36.0992,0.00414,0.00907,0.93756,1.04761,0.0116,0.5,0.02513,0.00755,0.00887,0.38235,0.01023,0.00255,0.02267,0.3762,3.51778,4.21788,0.0792078,0.000207817,0.000207817
23,37.3142,0.00432,0.00861,0.86663,1.0384,0.01222,0.52941,0.0283,0.00879,0.0095,0.41176,0.01347,0.00264,0.02169,0.41386,3.53663,3.90071,0.0782176,0.000217604,0.000217604
24,38.6305,0.00426,0.00973,0.86446,1.04394,0.01267,0.55882,0.03255,0.00904,0.00667,0.29412,0.0098,0.00182,0.02097,0.51103,3.64878,3.74496,0.0772274,0.000227381,0.000227381
25,39.9624,0.00446,0.01072,0.93551,1.11904,0.012,0.52941,0.0325,0.00967,0.00467,0.20588,0.00476,0.00107,0.02046,0.58197,3.67004,3.61166,0.0762371,0.000237149,0.000237149
26,41.2056,0.00434,0.00903,0.78313,1.0516,0.01133,0.5,0.04087,0.0112,0.00267,0.11765,0.01222,0.00152,0.02089,0.7027,3.71753,3.71471,0.0752469,0.000246906,0.000246906
27,42.6243,0.00417,0.00905,0.75511,1.07566,0.01067,0.47059,0.05722,0.01519,0.00067,0.02941,0.02533,0.00253,0.02076,0.80894,3.81004,3.70721,0.0742567,0.000256654,0.000256654
28,43.9567,0.00391,0.00756,0.71096,1.00331,0.01267,0.55882,0.05852,0.01805,0.00067,0.02941,0.02533,0.00253,0.01973,0.8573,3.83176,3.52121,0.0732664,0.000266391,0.000266391
29,45.1889,0.00374,0.00809,0.65832,0.98946,0.014,0.61765,0.08619,0.02625,0.00067,0.02941,0.02533,0.00263,0.0184,0.82658,3.84169,3.28949,0.0722761,0.000276119,0.000276119
30,46.5026,0.00406,0.00875,0.63514,1.05028,0.01533,0.67647,0.10993,0.03422,0.00067,0.02941,0.02533,0.00266,0.01712,0.81197,3.86701,3.12905,0.0712858,0.000285837,0.000285837
31,47.7689,0.00376,0.00805,0.68628,0.98472,0.01467,0.64706,0.13459,0.04191,0.00133,0.05882,0.02571,0.00268,0.01619,0.7622,3.86195,2.9807,0.0702955,0.000295545,0.000295545
32,48.9956,0.00406,0.00866,0.66511,0.99376,0.01467,0.64706,0.11015,0.04714,0.002,0.08824,0.02612,0.01034,0.0152,0.74603,3.74336,2.86019,0.0693052,0.000305243,0.000305243
33,50.2847,0.00374,0.00843,0.65453,0.99263,0.016,0.70588,0.11543,0.04777,0.00133,0.05882,0.02674,0.00802,0.01542,0.75627,3.81619,2.88891,0.0683149,0.000314931,0.000314931
34,51.6453,0.00439,0.0089,0.71687,1.08769,0.01475,0.64706,0.06851,0.03107,0.00067,0.02941,0.02533,0.00253,0.01655,0.77868,4.02998,3.03754,0.0673246,0.000324609,0.000324609
35,52.8891,0.00365,0.00843,0.64666,0.99127,0.01557,0.67647,0.06505,0.02825,0.00068,0.02941,0.00039,0.00012,0.01753,0.77661,4.20813,3.39905,0.0663343,0.000334278,0.000334278
36,54.3134,0.00405,0.00799,0.65131,1.01023,0.01496,0.61765,0.03142,0.01172,0.00142,0.05882,0.00382,0.00083,0.01724,0.7556,4.35171,3.414,0.0653439,0.000343936,0.000343936
37,55.5892,0.00377,0.00718,0.59263,0.9976,0.01457,0.58824,0.02535,0.01035,0.00291,0.11765,0.00203,0.0003,0.01644,0.69048,4.37945,3.24542,0.0643536,0.000353585,0.000353585
38,56.8362,0.00391,0.00912,0.59763,0.99913,0.01594,0.64706,0.02593,0.01036,0.00435,0.17647,0.00332,0.00057,0.01558,0.66601,4.34986,2.95563,0.0633632,0.000363223,0.000363223
39,58.3703,0.00419,0.00821,0.60882,1.03124,0.01742,0.67647,0.02971,0.01045,0.00379,0.14706,0.0027,0.00048,0.01519,0.64606,4.34319,2.82339,0.0623729,0.000372852,0.000372852
40,59.7285,0.00365,0.00702,0.57697,1.00497,0.0183,0.73529,0.03468,0.01298,0.00366,0.14706,0.00269,0.00057,0.01445,0.67682,4.22671,2.64524,0.0613825,0.000382471,0.000382471
41,62.0685,0.00368,0.00795,0.54316,0.98981,0.01751,0.76471,0.03442,0.01319,0.00673,0.29412,0.00672,0.00119,0.01412,0.71001,4.16045,2.5755,0.0603921,0.00039208,0.00039208
42,63.6785,0.00386,0.00868,0.66193,1.01061,0.01613,0.70588,0.02634,0.01134,0.0047,0.20588,0.00386,0.00089,0.01385,0.71568,4.25115,2.40913,0.0594017,0.000401679,0.000401679
43,64.9336,0.00402,0.00796,0.62016,1.03632,0.01662,0.70588,0.03006,0.01188,0.00346,0.14706,0.00262,0.0007,0.01352,0.74443,4.21451,2.38403,0.0584113,0.000411268,0.000411268
44,66.256,0.00417,0.00861,0.61658,1.03507,0.01739,0.73529,0.02426,0.00944,0.00209,0.08824,0.00156,0.00051,0.01364,0.7576,4.22877,2.60094,0.0574208,0.000420847,0.000420847
45,67.5135,0.00432,0.00932,0.59502,1.04141,0.01676,0.73529,0.0263,0.00896,0.00469,0.20588,0.00328,0.00103,0.01318,0.88561,4.14647,2.50506,0.0564304,0.000430417,0.000430417
46,68.8203,0.0038,0.00754,0.53857,0.99904,0.01745,0.73529,0.02217,0.00995,0.00419,0.17647,0.0028,0.00103,0.01242,1.02544,4.15472,2.31406,0.05544,0.000439976,0.000439976
47,70.161,0.00376,0.00671,0.54472,0.99922,0.02006,0.76471,0.02655,0.01402,0.0054,0.20588,0.00358,0.00098,0.01199,1.10298,4.12779,2.28276,0.0544495,0.000449526,0.000449526
48,71.4223,0.00381,0.00753,0.53992,0.99657,0.02235,0.70588,0.03423,0.01675,0.00652,0.20588,0.00505,0.00173,0.01172,1.15376,4.10943,2.15675,0.0534591,0.000459065,0.000459065
49,72.7764,0.0033,0.00674,0.51528,0.93739,0.02609,0.70588,0.06651,0.04643,0.01196,0.32353,0.00972,0.00297,0.01144,1.13928,3.96294,2.04156,0.0524686,0.000468595,0.000468595
50,74.071,0.00362,0.00781,0.52118,0.98664,0.02922,0.67647,0.07837,0.05644,0.01144,0.26471,0.00866,0.00294,0.01127,1.10509,3.94635,2.03366,0.0514781,0.000478115,0.000478115
51,75.3476,0.00388,0.00855,0.56834,1.02184,0.03066,0.61765,0.09286,0.06708,0.00876,0.17647,0.00843,0.00324,0.0115,0.96583,3.96223,2.11192,0.0504876,0.000487625,0.000487625
52,76.6215,0.00338,0.0063,0.49083,0.93535,0.02963,0.58824,0.12715,0.0886,0.01037,0.20588,0.00982,0.0025,0.01166,0.89053,4.02349,2.25463,0.0494971,0.000497125,0.000497125
53,77.932,0.00385,0.0076,0.53656,0.99124,0.03295,0.58824,0.10667,0.07809,0.00659,0.11765,0.0044,0.00111,0.01231,0.81749,4.07273,2.33569,0.0485066,0.000506615,0.000506615
54,79.1532,0.00352,0.00713,0.51062,0.98472,0.03209,0.52941,0.06207,0.04094,0.00713,0.11765,0.00427,0.00137,0.01319,0.69884,4.25909,2.4809,0.0475161,0.000516095,0.000516095
55,80.4511,0.00376,0.0073,0.55024,0.98261,0.03158,0.44118,0.03967,0.02371,0.00632,0.08824,0.00356,0.0012,0.01341,0.62713,4.28456,2.42418,0.0465256,0.000525566,0.000525566
56,81.8242,0.0036,0.00686,0.50653,0.94301,0.02582,0.32353,0.03076,0.02259,0.00469,0.05882,0.0025,0.00037,0.0131,0.61841,4.26784,2.25614,0.045535,0.000535026,0.000535026
57,83.0779,0.00374,0.00721,0.54616,0.967,0.02915,0.38235,0.03242,0.02089,0.00224,0.02941,0.00117,0.00012,0.01333,0.63343,4.22197,2.32842,0.0445445,0.000544477,0.000544477
58,84.526,0.00338,0.00649,0.48968,0.98043,0.02232,0.29412,0.02114,0.01349,0,0,0,0,0.01329,0.64956,4.37161,2.41278,0.0435539,0.000553917,0.000553917
59,85.8122,0.00337,0.00681,0.45209,0.94318,0.02878,0.35294,0.0268,0.01227,0,0,0,0,0.01387,0.61771,4.33153,2.61212,0.0425633,0.000563348,0.000563348
60,87.1562,0.00342,0.00642,0.47167,0.97412,0.02168,0.23529,0.01717,0.00687,0,0,0,0,0.01525,0.57419,4.39942,2.77595,0.0415728,0.000572769,0.000572769
61,88.4436,0.00355,0.00733,0.49691,0.96375,0.02292,0.23529,0.01553,0.00494,0,0,0,0,0.01729,0.52294,4.4847,3.24858,0.0405822,0.00058218,0.00058218
62,89.8074,0.00331,0.00659,0.50547,0.92981,0.02312,0.23529,0.01634,0.00494,0.00578,0.05882,0.00308,0.00031,0.01757,0.49381,4.4652,3.31375,0.0395916,0.000591581,0.000591581
63,92.4664,0.00383,0.00755,0.52106,1.05351,0.0285,0.32353,0.02112,0.00536,0.00777,0.08824,0.00447,0.00058,0.01773,0.51802,4.48068,3.40848,0.038601,0.000600972,0.000600972
64,93.8376,0.00342,0.00628,0.47558,0.96269,0.03195,0.29412,0.02242,0.00623,0.00319,0.02941,0.00249,0.00094,0.01706,0.5577,4.53308,3.11452,0.0376104,0.000610353,0.000610353
65,95.1404,0.00349,0.00628,0.49984,0.95853,0.03922,0.29412,0.04161,0.01358,0.00784,0.05882,0.00627,0.0026,0.0165,0.56143,4.41743,2.85451,0.0366197,0.000619725,0.000619725
66,96.4249,0.00308,0.00618,0.4329,0.92217,0.04762,0.32353,0.08092,0.04271,0.00433,0.02941,0.00524,0.00241,0.01548,0.53277,4.2844,2.516,0.0356291,0.000629086,0.000629086
67,97.6911,0.00357,0.00674,0.49638,0.96195,0.05645,0.41176,0.05737,0.0273,0.00806,0.05882,0.03283,0.00459,0.01499,0.48452,4.16468,2.49838,0.0346384,0.000638438,0.000638438
68,99.0385,0.00355,0.00753,0.46765,0.98374,0.0418,0.38235,0.03989,0.01671,0.00643,0.05882,0.00701,0.002,0.01568,0.46678,4.19056,2.78816,0.0336478,0.000647779,0.000647779
69,100.359,0.00343,0.00667,0.43138,0.95315,0.04152,0.35294,0.04556,0.02171,0.04284,0.05882,0.01349,0.00239,0.01506,0.47633,4.19135,2.85254,0.0326571,0.000657111,0.000657111
70,101.645,0.00329,0.00738,0.44653,0.95219,0.05752,0.38235,0.09595,0.04828,0.0177,0.11765,0.01443,0.00582,0.0146,0.42699,4.12176,2.70408,0.0316664,0.000666433,0.000666433
71,102.974,0.00322,0.00653,0.43297,0.93271,0.07254,0.41176,0.19065,0.1211,0.02591,0.14706,0.02373,0.00818,0.01347,0.44107,3.99349,2.50056,0.0306757,0.000675745,0.000675745
72,104.289,0.00329,0.00668,0.44916,0.95116,0.09412,0.47059,0.24442,0.17598,0.03529,0.17647,0.03395,0.01164,0.01213,0.48832,3.78323,2.36222,0.029685,0.000685047,0.000685047
73,105.554,0.00332,0.00655,0.42591,0.97135,0.55169,0.18131,0.29522,0.19216,0.42899,0.02941,0.02408,0.00776,0.012,0.50682,3.61354,2.31891,0.0286943,0.000694339,0.000694339
74,106.894,0.00344,0.00655,0.46277,1.00249,0.40819,0.35294,0.27262,0.17457,0.08423,0.02941,0.01509,0.00313,0.01174,0.46267,3.52589,2.30748,0.0277036,0.000703621,0.000703621
75,108.279,0.00374,0.00663,0.47226,1.0216,0.08696,0.52941,0.24125,0.13573,0.20997,0.02941,0.05004,0.00925,0.01223,0.39256,3.62551,2.36932,0.0267129,0.000712894,0.000712894
76,109.544,0.00358,0.00599,0.46671,0.96674,0.08182,0.52941,0.18902,0.11633,0.03636,0.23529,0.06192,0.0168,0.01193,0.35567,3.69218,2.27897,0.0257222,0.000722156,0.000722156
77,110.797,0.00326,0.00565,0.4606,0.93375,0.07273,0.35294,0.10141,0.06048,0.19442,0.11765,0.05799,0.01886,0.01215,0.31383,3.96377,2.34457,0.0247314,0.000731409,0.000731409
78,112.077,0.00321,0.0067,0.42428,0.94032,0.04082,0.17647,0.08538,0.04932,0.02721,0.11765,0.0747,0.02162,0.01397,0.29211,4.0944,2.5888,0.0237407,0.000740651,0.000740651
79,113.415,0.00354,0.00616,0.46228,0.96455,0.03597,0.14706,0.05048,0.02248,0.02878,0.11765,0.04559,0.01477,0.01443,0.27269,4.28347,2.63665,0.0227499,0.000749884,0.000749884
80,114.658,0.00284,0.00623,0.42316,0.90859,0.04615,0.17647,0.04049,0.01525,0.02308,0.08824,0.02755,0.00782,0.01484,0.25534,4.32201,2.68366,0.0217591,0.000759107,0.000759107
81,115.957,0.0036,0.00734,0.47746,0.94626,0.05512,0.20588,0.04765,0.02002,0.02362,0.08824,0.01588,0.00846,0.01488,0.21281,4.31846,2.73486,0.0207683,0.00076832,0.00076832
82,117.218,0.00337,0.0065,0.45835,0.92973,0.05036,0.20588,0.0356,0.01824,0.02158,0.08824,0.01221,0.0033,0.01627,0.19065,4.3889,2.91277,0.0197775,0.000777523,0.000777523
83,118.566,0.00304,0.00578,0.40817,0.89637,0.05263,0.20588,0.03394,0.01298,0.00752,0.02941,0.00407,0.00163,0.01785,0.1873,4.57688,3.18103,0.0187867,0.000786716,0.000786716
84,119.824,0.00349,0.00669,0.44191,0.97109,0.05263,0.20588,0.03707,0.01103,0.00752,0.02941,0.00402,0.00201,0.01872,0.18964,4.61613,3.36004,0.0177959,0.000795899,0.000795899
85,122.334,0.00308,0.00632,0.44448,0.91782,0.05085,0.17647,0.03519,0.01175,0.00847,0.02941,0.00456,0.00274,0.01808,0.18739,4.50825,3.29908,0.0168051,0.000805073,0.000805073
86,123.71,0.0032,0.00679,0.44355,0.92183,0.07619,0.23529,0.06463,0.02334,0.01905,0.05882,0.01517,0.008,0.01765,0.17136,4.45407,3.41271,0.0158142,0.000814236,0.000814236
87,124.973,0.00334,0.00684,0.42908,0.95779,0.064,0.23529,0.06028,0.0227,0.016,0.05882,0.01572,0.01091,0.01755,0.16345,4.38134,3.74782,0.0148234,0.00082339,0.00082339
88,126.263,0.00339,0.00689,0.45825,0.94662,0.04908,0.23529,0.05031,0.01853,0.01227,0.05882,0.01136,0.00774,0.01781,0.14126,4.50805,3.89618,0.0138325,0.000832533,0.000832533
89,127.588,0.0037,0.00686,0.45254,1.00219,0.04268,0.20588,0.05376,0.02169,0.24009,0.02941,0.01873,0.01271,0.01782,0.11483,4.55878,3.94928,0.0128417,0.000841667,0.000841667
90,128.906,0.00336,0.00661,0.43872,0.93355,0.04167,0.20588,0.04127,0.01288,0.20264,0.05882,0.0194,0.00742,0.01785,0.10936,4.61617,4.08447,0.0118508,0.000850791,0.000850791
91,130.243,0.00322,0.00609,0.41855,0.94288,0.03521,0.14706,0.03305,0.01533,0.17948,0.05882,0.02812,0.00874,0.01747,0.11338,4.7181,4.19244,0.0108599,0.000859905,0.000859905
92,131.564,0.00382,0.00659,0.46284,1.02365,0.04902,0.14706,0.03665,0.01413,0.03922,0.11765,0.02718,0.00767,0.01687,0.10911,5.00672,4.11689,0.00986901,0.000869009,0.000869009
93,132.813,0.00353,0.00701,0.47899,0.97033,0.03947,0.08824,0.02858,0.00926,0.03947,0.08824,0.02925,0.00634,0.01692,0.10349,5.13438,4.22032,0.0088781,0.000878103,0.000878103
94,134.12,0.00336,0.00635,0.41451,0.93959,0.03448,0.08824,0.02292,0.0118,0.04598,0.11765,0.02935,0.00686,0.01637,0.10688,5.18361,4.04319,0.00788719,0.000887187,0.000887187
95,135.37,0.00352,0.0064,0.46095,0.95933,0.05882,0.14706,0.06556,0.02995,0.04706,0.11765,0.05374,0.01424,0.01548,0.11572,4.81458,3.44879,0.00689626,0.000896262,0.000896262
96,136.715,0.0033,0.00685,0.4112,0.93988,0.14062,0.26471,0.11565,0.06458,0.04688,0.08824,0.03082,0.00782,0.01487,0.13556,4.52393,3.094,0.00590533,0.000905326,0.000905326
97,137.996,0.00316,0.00674,0.40266,0.9492,0.21818,0.35294,0.1929,0.10349,0.05455,0.08824,0.03014,0.00788,0.01381,0.15622,4.18126,2.86083,0.00491438,0.000914381,0.000914381
98,139.302,0.00353,0.00717,0.46805,0.93652,0.15,0.17647,0.13338,0.08768,0.1,0.11765,0.07725,0.03411,0.01375,0.15482,4.27753,2.78714,0.00392343,0.000923425,0.000923425
99,140.644,0.00351,0.00793,0.49269,0.99447,0.125,0.11765,0.09131,0.04904,0.09375,0.08824,0.06039,0.01696,0.01571,0.16132,4.57262,2.91491,0.00293246,0.00093246,0.00093246
100,141.881,0.00339,0.00645,0.43235,0.96368,0.20588,0.20588,0.12976,0.0509,0.05882,0.05882,0.03891,0.00876,0.01717,0.19204,4.73494,3.02861,0.00194149,0.000941485,0.000941485
101,143.183,0.00334,0.00702,0.39937,0.95177,0.11765,0.17647,0.08907,0.05348,0.05882,0.08824,0.0391,0.01079,0.01656,0.22923,4.60276,2.87782,0.0009505,0.0009505,0.0009505
102,144.477,0.00335,0.00681,0.43578,0.95523,0.08955,0.17647,0.08596,0.05599,0.30153,0.05882,0.05106,0.01992,0.01589,0.27728,4.34447,2.79764,0.000950005,0.000950005,0.000950005
103,145.766,0.00305,0.0061,0.39356,0.92836,0.14085,0.29412,0.14802,0.09046,0.40771,0.08824,0.09132,0.05385,0.01525,0.25372,4.22038,2.65755,0.00094951,0.00094951,0.00094951
104,147.142,0.00334,0.00744,0.42575,0.93712,0.1194,0.23529,0.15678,0.11947,0.27855,0.08824,0.13543,0.06658,0.01475,0.20088,4.07539,2.58642,0.000949015,0.000949015,0.000949015
105,148.485,0.00298,0.00575,0.4321,0.9234,0.42886,0.08824,0.15743,0.11367,0.43143,0.08824,0.14699,0.07579,0.01419,0.15904,4.00566,2.72213,0.00094852,0.00094852,0.00094852
106,149.749,0.00333,0.00689,0.39876,0.94596,0.1125,0.26471,0.14421,0.10217,0.0875,0.20588,0.12614,0.07933,0.01434,0.14334,4.05203,2.82344,0.000948025,0.000948025,0.000948025
107,152.37,0.00337,0.00649,0.42214,0.95805,0.08791,0.23529,0.14409,0.09321,0.28204,0.05882,0.12588,0.07075,0.01491,0.14446,3.99334,2.99184,0.00094753,0.00094753,0.00094753
108,153.798,0.00315,0.00657,0.41341,0.93473,0.47888,0.13588,0.1166,0.07288,0.42824,0.11765,0.08874,0.05356,0.01682,0.14047,3.95783,3.26858,0.000947035,0.000947035,0.000947035
109,155.048,0.00329,0.00683,0.39907,0.93479,0.41023,0.14706,0.12318,0.06507,0.30295,0.08824,0.08483,0.03925,0.0177,0.13268,4.05908,3.53704,0.00094654,0.00094654,0.00094654
110,156.397,0.00355,0.00695,0.47399,0.97426,0.07865,0.20588,0.07212,0.03432,0.04494,0.11765,0.04394,0.01711,0.01719,0.13223,4.26904,3.40535,0.000946045,0.000946045,0.000946045
111,157.736,0.00323,0.00607,0.39305,0.9346,0.08974,0.20588,0.06204,0.02607,0.0641,0.14706,0.04569,0.01596,0.01693,0.10157,4.33697,3.42374,0.00094555,0.00094555,0.00094555
112,158.979,0.00313,0.00653,0.42643,0.9218,0.09091,0.26471,0.06998,0.02904,0.21417,0.02941,0.01741,0.00684,0.01688,0.08277,4.14995,3.28176,0.000945055,0.000945055,0.000945055
113,160.26,0.00318,0.00597,0.39843,0.92382,0.11111,0.32353,0.08552,0.04041,0.08081,0.23529,0.07506,0.02118,0.01544,0.09475,4.12143,2.8911,0.00094456,0.00094456,0.00094456
114,161.506,0.00312,0.00675,0.42693,0.9356,0.18447,0.55882,0.22274,0.09932,0.1165,0.35294,0.11666,0.03455,0.01327,0.0955,3.65925,2.35647,0.000944065,0.000944065,0.000944065
115,162.848,0.00327,0.00633,0.42167,0.93321,0.18868,0.58824,0.29629,0.13807,0.14151,0.44118,0.15543,0.05651,0.01136,0.07798,3.22181,2.09475,0.00094357,0.00094357,0.00094357
116,164.142,0.00318,0.00663,0.40542,0.95498,0.37407,0.23529,0.29361,0.14849,0.36479,0.23529,0.25479,0.08472,0.01125,0.06125,3.14562,2.09023,0.000943075,0.000943075,0.000943075
117,165.574,0.00296,0.00579,0.38437,0.92489,0.3734,0.21052,0.2626,0.12127,0.32631,0.18552,0.2208,0.07256,0.01167,0.05937,3.26751,2.29852,0.00094258,0.00094258,0.00094258
118,166.955,0.00319,0.00659,0.41041,0.94507,0.37058,0.20588,0.25014,0.1198,0.42445,0.20588,0.21037,0.07656,0.01258,0.06435,3.2354,2.56789,0.000942085,0.000942085,0.000942085
119,168.322,0.00315,0.00606,0.42059,0.91544,0.62159,0.26471,0.33218,0.20722,0.74736,0.26129,0.28941,0.13217,0.01136,0.06918,2.77785,2.42484,0.00094159,0.00094159,0.00094159
120,169.618,0.00288,0.00611,0.37963,0.90126,0.59249,0.44118,0.45745,0.2956,0.70508,0.32353,0.3721,0.18393,0.01098,0.08851,2.24671,2.28677,0.000941095,0.000941095,0.000941095
121,170.974,0.00326,0.00733,0.42557,0.93229,0.57442,0.5,0.48016,0.31493,0.51036,0.26471,0.29852,0.16644,0.01095,0.11166,2.11509,2.2867,0.0009406,0.0009406,0.0009406
122,172.308,0.00318,0.00626,0.38029,0.94412,0.38043,0.41176,0.40101,0.2459,0.28205,0.35294,0.23905,0.11884,0.01013,0.13055,2.0595,2.08819,0.000940105,0.000940105,0.000940105
123,173.56,0.00324,0.00622,0.40416,0.92925,0.49332,0.35294,0.40485,0.25103,0.33731,0.35294,0.26052,0.10183,0.01041,0.13652,2.00075,2.06742,0.00093961,0.00093961,0.00093961
124,174.959,0.00292,0.00629,0.36548,0.91744,0.52197,0.38235,0.36966,0.19376,0.45063,0.33804,0.22407,0.08738,0.01065,0.12881,2.13101,2.1773,0.000939115,0.000939115,0.000939115
125,176.241,0.00316,0.00677,0.41079,0.92264,0.38936,0.5,0.35757,0.20977,0.24652,0.32353,0.19787,0.09242,0.00987,0.1175,2.05313,2.0805,0.00093862,0.00093862,0.00093862
126,177.526,0.00311,0.00595,0.38816,0.92284,0.34587,0.47059,0.34073,0.23296,0.25091,0.35294,0.21791,0.10422,0.00971,0.10507,2.12643,2.05734,0.000938125,0.000938125,0.000938125
127,178.808,0.00291,0.00632,0.39064,0.92671,0.39606,0.35294,0.35028,0.24519,0.64013,0.23529,0.29731,0.11236,0.00974,0.10166,2.10336,1.98767,0.00093763,0.00093763,0.00093763
128,180.101,0.00294,0.00642,0.4336,0.90606,0.36057,0.47059,0.3556,0.22742,0.38801,0.29412,0.29022,0.10773,0.0101,0.10079,2.26718,2.06238,0.000937135,0.000937135,0.000937135
129,182.411,0.0031,0.00588,0.41415,0.9064,0.45225,0.47059,0.38809,0.25824,0.46556,0.44118,0.3509,0.15373,0.00981,0.08292,2.14143,1.99744,0.00093664,0.00093664,0.00093664
130,183.783,0.00324,0.00669,0.42018,0.97078,0.5623,0.47059,0.44446,0.32117,0.52277,0.44118,0.40096,0.21449,0.00929,0.07441,1.95944,1.89184,0.000936145,0.000936145,0.000936145
131,185.1,0.00318,0.007,0.43079,0.95258,0.672,0.35294,0.46106,0.34821,0.728,0.38235,0.45637,0.22228,0.00859,0.07313,1.90076,1.76315,0.00093565,0.00093565,0.00093565
132,186.404,0.00296,0.00583,0.36538,0.90016,0.68483,0.41176,0.48675,0.34287,0.68483,0.41176,0.44808,0.19523,0.00847,0.08083,1.92743,1.79998,0.000935155,0.000935155,0.000935155
133,187.684,0.0036,0.00809,0.46788,1.0133,0.72908,0.35294,0.46482,0.32751,0.72908,0.35294,0.42217,0.172,0.00902,0.09199,2.10028,1.89735,0.00093466,0.00093466,0.00093466
134,188.914,0.00313,0.00625,0.39588,0.91133,0.97329,0.29412,0.44557,0.31641,0.65941,0.38235,0.42718,0.20842,0.009,0.0926,2.04899,1.90713,0.000934165,0.000934165,0.000934165
135,190.189,0.00344,0.00744,0.44938,0.9462,0.64466,0.35294,0.46069,0.30943,0.55957,0.35294,0.38502,0.23379,0.00939,0.08464,1.9694,1.9258,0.00093367,0.00093367,0.00093367
136,191.478,0.00307,0.00655,0.397,0.90889,0.87758,0.35294,0.52765,0.32501,0.80339,0.32353,0.40337,0.22976,0.00989,0.08858,1.92575,1.95524,0.000933175,0.000933175,0.000933175
137,192.865,0.00301,0.00594,0.38421,0.91894,0.6246,0.52941,0.6091,0.36718,0.71262,0.44118,0.44815,0.22114,0.00951,0.10005,1.78665,1.88413,0.00093268,0.00093268,0.00093268
138,194.145,0.00328,0.0065,0.38489,0.93973,0.75413,0.5,0.59977,0.41372,0.70823,0.47059,0.49236,0.2326,0.00878,0.11945,1.85364,1.76024,0.000932185,0.000932185,0.000932185
139,195.439,0.00327,0.00593,0.38474,0.93364,0.83409,0.38235,0.57415,0.39304,0.56176,0.32353,0.35082,0.14857,0.00877,0.14539,2.02464,1.73065,0.00093169,0.00093169,0.00093169
140,196.806,0.0033,0.00661,0.40641,0.93324,0.76213,0.3772,0.49128,0.3697,0.78394,0.23529,0.28405,0.11621,0.00916,0.18358,2.21948,1.76735,0.000931195,0.000931195,0.000931195
141,198.09,0.00279,0.00544,0.34991,0.88821,0.74222,0.38235,0.51356,0.37687,0.60661,0.26471,0.28323,0.12799,0.00941,0.19965,2.15281,1.81744,0.0009307,0.0009307,0.0009307
142,199.349,0.00332,0.00763,0.45785,0.96799,0.86582,0.37973,0.51157,0.39692,0.73603,0.29412,0.31194,0.16642,0.00875,0.19825,2.01069,1.69639,0.000930205,0.000930205,0.000930205
143,200.622,0.00339,0.00698,0.40795,0.9673,0.90418,0.38235,0.47415,0.34234,0.89551,0.29412,0.31181,0.1806,0.00907,0.19388,2.06032,1.73167,0.00092971,0.00092971,0.00092971
144,201.969,0.00322,0.00701,0.41977,0.92007,0.84807,0.38235,0.47179,0.35423,0.73449,0.29412,0.2932,0.18647,0.00876,0.20053,1.96728,1.75576,0.000929215,0.000929215,0.000929215
145,203.196,0.00302,0.00644,0.39416,0.90909,0.83021,0.44118,0.49122,0.36487,0.75972,0.32353,0.31364,0.20032,0.00853,0.17847,1.99528,1.7072,0.00092872,0.00092872,0.00092872
146,204.419,0.00345,0.00716,0.39987,0.95607,0.94406,0.49658,0.53376,0.42653,0.75328,0.35294,0.35405,0.20121,0.0079,0.14336,2.00593,1.61643,0.000928225,0.000928225,0.000928225
147,205.702,0.00335,0.0067,0.40506,0.97557,0.81528,0.51955,0.54983,0.40692,0.72314,0.46123,0.44459,0.25315,0.00826,0.1224,1.99043,1.68664,0.00092773,0.00092773,0.00092773
148,207.171,0.00325,0.00668,0.41036,0.93542,0.97897,0.5,0.57434,0.39016,0.86179,0.44118,0.48155,0.25264,0.00816,0.10559,1.84401,1.58303,0.000927235,0.000927235,0.000927235
149,208.421,0.00353,0.00768,0.43247,0.96145,0.83326,0.5,0.57707,0.41625,0.78377,0.47059,0.52284,0.28624,0.00815,0.09984,1.80004,1.54131,0.00092674,0.00092674,0.00092674
150,209.762,0.00313,0.00651,0.4016,0.92548,0.80675,0.52941,0.58711,0.40953,0.76163,0.5,0.51658,0.26964,0.00783,0.08572,1.68439,1.47526,0.000926245,0.000926245,0.000926245
151,212.461,0.00295,0.00625,0.37212,0.92431,0.67185,0.48202,0.53449,0.41701,1,0.37959,0.50608,0.2593,0.00774,0.0815,1.73802,1.45355,0.00092575,0.00092575,0.00092575
152,213.726,0.00324,0.00681,0.38435,0.96478,0.73152,0.48111,0.51826,0.41233,0.71344,0.41176,0.44332,0.25683,0.008,0.07974,1.84673,1.58929,0.000925255,0.000925255,0.000925255
153,215.067,0.00314,0.00721,0.39234,0.89901,0.65127,0.47059,0.53151,0.36296,0.48846,0.35294,0.37347,0.21769,0.0095,0.08002,2.23321,1.90804,0.00092476,0.00092476,0.00092476
154,216.326,0.00306,0.00688,0.39055,0.9206,0.51481,0.34357,0.36756,0.28975,0.52978,0.23529,0.26749,0.16209,0.01104,0.07155,2.64474,2.13703,0.000924265,0.000924265,0.000924265
155,217.553,0.0031,0.00634,0.3756,0.93068,0.81743,0.26349,0.34897,0.27758,0.68514,0.23529,0.25907,0.15627,0.01172,0.06441,2.78898,2.34041,0.00092377,0.00092377,0.00092377
156,218.881,0.00299,0.00618,0.38313,0.93259,0.88402,0.26471,0.359,0.27449,0.7855,0.23529,0.27898,0.1792,0.01052,0.05914,2.71492,2.25429,0.000923275,0.000923275,0.000923275
157,220.197,0.00336,0.00703,0.42428,0.93808,0.88214,0.26471,0.37024,0.29211,0.88214,0.26471,0.34728,0.19787,0.0108,0.05408,2.65103,2.30287,0.00092278,0.00092278,0.00092278
158,221.459,0.00291,0.00647,0.34993,0.89869,0.97092,0.23529,0.39437,0.30352,0.97092,0.23529,0.36271,0.18858,0.01143,0.04996,2.695,2.49995,0.000922285,0.000922285,0.000922285
159,222.694,0.00292,0.00606,0.38058,0.90953,0.8373,0.26471,0.38004,0.3042,0.8373,0.26471,0.36026,0.19578,0.01069,0.04395,2.66713,2.23011,0.00092179,0.00092179,0.00092179
160,224.025,0.00329,0.00636,0.38277,0.9544,0.87466,0.29412,0.39692,0.30828,0.87466,0.29412,0.37716,0.23345,0.01017,0.04296,2.46939,2.06648,0.000921295,0.000921295,0.000921295
161,225.292,0.00302,0.00662,0.38013,0.93801,0.9449,0.29412,0.4682,0.33699,0.9449,0.29412,0.42605,0.24494,0.01062,0.04165,2.55908,2.06914,0.0009208,0.0009208,0.0009208
162,226.538,0.00295,0.00649,0.37431,0.93399,0.49186,0.37038,0.43971,0.31118,0.49036,0.36818,0.42232,0.24891,0.01092,0.04036,2.63153,2.05454,0.000920305,0.000920305,0.000920305
163,227.72,0.00305,0.00676,0.3906,0.93516,0.45583,0.32353,0.3538,0.25156,0.46378,0.32353,0.34386,0.21108,0.01115,0.03956,2.7731,2.08031,0.00091981,0.00091981,0.00091981
164,229.06,0.00313,0.00638,0.38366,0.95264,0.34248,0.36787,0.32152,0.22187,0.33988,0.36363,0.30584,0.18921,0.01136,0.04029,2.83807,2.10652,0.000919315,0.000919315,0.000919315
165,230.345,0.0031,0.00623,0.37171,0.90608,0.32309,0.36518,0.34624,0.23463,0.3336,0.35294,0.33956,0.20126,0.01048,0.04188,2.74102,1.96184,0.00091882,0.00091882,0.00091882
166,231.551,0.00317,0.00679,0.36022,0.94557,0.65499,0.29412,0.38692,0.25343,0.65499,0.29412,0.37894,0.21109,0.00956,0.0455,2.61866,1.88437,0.000918325,0.000918325,0.000918325
167,232.835,0.003,0.00578,0.38085,0.89735,0.57455,0.5,0.50636,0.34256,0.54572,0.47059,0.48855,0.28817,0.00828,0.04739,2.2512,1.60396,0.00091783,0.00091783,0.00091783
168,234.159,0.00282,0.00597,0.35003,0.90286,0.60087,0.5,0.47839,0.34387,0.60087,0.5,0.47839,0.28364,0.008,0.0514,2.48087,1.53844,0.000917335,0.000917335,0.000917335
169,235.41,0.00318,0.00683,0.36983,0.93969,0.54791,0.46358,0.45236,0.33588,0.54791,0.46358,0.45236,0.27446,0.00754,0.05442,2.55273,1.4381,0.00091684,0.00091684,0.00091684
170,236.622,0.00294,0.00626,0.35401,0.90597,0.77675,0.40946,0.485,0.39169,0.77675,0.40946,0.48178,0.31461,0.00774,0.05466,2.37516,1.43418,0.000916345,0.000916345,0.000916345
171,237.837,0.0029,0.00644,0.35113,0.92903,0.7677,0.41176,0.51127,0.41259,0.7677,0.41176,0.49332,0.33113,0.0072,0.05443,2.09456,1.3952,0.00091585,0.00091585,0.00091585
172,239.223,0.00301,0.00711,0.38796,0.93124,0.78818,0.44118,0.4845,0.39699,0.78818,0.44118,0.48124,0.32623,0.00703,0.05519,2.07848,1.39038,0.000915355,0.000915355,0.000915355
173,241.045,0.00312,0.00614,0.35851,0.92112,0.77726,0.44118,0.47524,0.38517,0.77726,0.44118,0.47005,0.31989,0.00726,0.05414,1.997,1.45322,0.00091486,0.00091486,0.00091486
174,242.585,0.00325,0.0061,0.36592,0.93783,0.70824,0.44118,0.49299,0.40293,0.70824,0.44118,0.48635,0.33764,0.00712,0.05295,1.81599,1.42265,0.000914365,0.000914365,0.000914365
175,243.823,0.00289,0.00618,0.35906,0.92883,0.55715,0.52941,0.53445,0.42244,0.6787,0.44118,0.50926,0.34771,0.00705,0.05241,1.76786,1.40971,0.00091387,0.00091387,0.00091387
176,245.193,0.00311,0.00559,0.35442,0.92618,0.78461,0.44118,0.56035,0.45165,0.78461,0.44118,0.54469,0.37058,0.00733,0.05273,1.65078,1.42693,0.000913375,0.000913375,0.000913375
177,246.476,0.00314,0.00573,0.36041,0.89986,0.76545,0.47059,0.56809,0.46595,0.76545,0.47059,0.54632,0.35869,0.00752,0.05645,1.65832,1.45529,0.00091288,0.00091288,0.00091288
178,247.733,0.00298,0.00643,0.32831,0.93504,0.6902,0.52438,0.57919,0.47418,0.6902,0.52438,0.56955,0.36978,0.00742,0.05845,1.69287,1.50259,0.000912385,0.000912385,0.000912385
179,249.103,0.00299,0.00652,0.36673,0.90615,0.74555,0.52941,0.60937,0.49327,0.74555,0.52941,0.60937,0.3969,0.007,0.05229,1.62908,1.41263,0.00091189,0.00091189,0.00091189
180,250.395,0.00316,0.00628,0.37754,0.91181,0.73051,0.55882,0.6321,0.52533,0.7842,0.58824,0.64244,0.42813,0.00658,0.04211,1.4065,1.39048,0.000911395,0.000911395,0.000911395
181,251.599,0.00308,0.00589,0.34418,0.93003,0.74575,0.70588,0.70158,0.57526,0.75508,0.72559,0.72501,0.47992,0.00642,0.03556,1.25038,1.41859,0.0009109,0.0009109,0.0009109
182,252.874,0.00296,0.00626,0.36068,0.90217,0.84978,0.70588,0.76586,0.63919,0.84978,0.70588,0.77942,0.52151,0.00629,0.0334,1.11521,1.38777,0.000910405,0.000910405,0.000910405
183,254.235,0.00319,0.00656,0.37969,0.96651,0.88834,0.7021,0.8074,0.63694,0.88834,0.7021,0.8074,0.5305,0.00647,0.03121,1.06597,1.36242,0.00090991,0.00090991,0.00090991
184,255.478,0.00291,0.00695,0.34201,0.9259,0.95971,0.61765,0.82095,0.65575,0.95971,0.61765,0.81291,0.55692,0.0063,0.02886,0.97643,1.37715,0.000909415,0.000909415,0.000909415
185,256.76,0.00295,0.00688,0.39164,0.90976,0.93687,0.64706,0.81999,0.63974,0.93687,0.64706,0.816,0.52043,0.00626,0.0281,1.01953,1.383,0.00090892,0.00090892,0.00090892
186,258.019,0.00313,0.00594,0.3681,0.92245,0.82336,0.73529,0.83049,0.62534,0.79008,0.70588,0.77021,0.4964,0.00636,0.03067,1.0205,1.33953,0.000908425,0.000908425,0.000908425
187,259.292,0.00292,0.00538,0.36126,0.93656,0.78446,0.73529,0.81771,0.63237,0.72129,0.67647,0.68227,0.44137,0.00659,0.04002,1.01345,1.34268,0.00090793,0.00090793,0.00090793
188,260.54,0.00287,0.00538,0.34997,0.91205,0.78545,0.70588,0.80046,0.61792,0.67451,0.61765,0.62187,0.36732,0.00662,0.04977,1.02935,1.37762,0.000907435,0.000907435,0.000907435
189,261.721,0.00294,0.00619,0.36082,0.9395,0.77695,0.73529,0.80279,0.61017,0.68352,0.64706,0.6751,0.28154,0.0064,0.05895,1.04691,1.37649,0.00090694,0.00090694,0.00090694
190,263.038,0.0031,0.00692,0.36842,0.93751,0.83801,0.76471,0.81761,0.62526,0.75122,0.61765,0.67642,0.26974,0.00664,0.06437,1.07426,1.4626,0.000906445,0.000906445,0.000906445
191,264.327,0.00285,0.00611,0.3355,0.90312,0.86164,0.73275,0.81428,0.58042,0.71907,0.52941,0.5601,0.25025,0.00668,0.0611,1.05571,1.50819,0.00090595,0.00090595,0.00090595
192,265.557,0.00295,0.00621,0.37093,0.90962,0.86532,0.75606,0.83368,0.58156,0.70335,0.55882,0.54293,0.25416,0.00665,0.05892,0.97455,1.5019,0.000905455,0.000905455,0.000905455
193,266.801,0.00273,0.0055,0.33503,0.92243,0.88076,0.76471,0.80928,0.56491,0.67763,0.64706,0.5944,0.26147,0.00686,0.05634,0.95358,1.53074,0.00090496,0.00090496,0.00090496
194,268.161,0.00297,0.00643,0.37302,0.90282,0.84964,0.70588,0.79152,0.56702,0.70667,0.58824,0.60084,0.23888,0.00696,0.05659,1.01294,1.52391,0.000904465,0.000904465,0.000904465
195,269.448,0.00301,0.00556,0.35585,0.93611,0.88834,0.70207,0.81712,0.52957,0.74011,0.58637,0.57914,0.20991,0.00709,0.06186,0.95431,1.55286,0.00090397,0.00090397,0.00090397
196,272.432,0.003,0.00693,0.38692,0.9363,0.86736,0.64706,0.80552,0.53779,0.55058,0.47059,0.46301,0.23193,0.00696,0.0671,0.92718,1.49104,0.000903475,0.000903475,0.000903475
197,273.905,0.0028,0.00623,0.34708,0.90368,0.8137,0.67647,0.78719,0.57552,0.52928,0.44118,0.41858,0.21881,0.00684,0.0686,0.96012,1.46709,0.00090298,0.00090298,0.00090298
198,275.213,0.00291,0.00605,0.35288,0.90483,0.80596,0.67647,0.80624,0.59213,0.5958,0.41176,0.43589,0.22064,0.00663,0.06781,1.06524,1.3901,0.000902485,0.000902485,0.000902485
199,276.536,0.00266,0.00568,0.31868,0.92841,0.83487,0.70588,0.82876,0.6241,0.58384,0.61765,0.49269,0.24509,0.00595,0.05326,1.06886,1.21282,0.00090199,0.00090199,0.00090199
200,277.803,0.00276,0.00574,0.31397,0.91419,0.92169,0.76471,0.82381,0.64029,0.67603,0.55255,0.5184,0.28642,0.00606,0.04734,1.12138,1.23821,0.000901495,0.000901495,0.000901495
201,279.071,0.00287,0.0065,0.34491,0.91316,0.87174,0.73529,0.81341,0.60304,0.52372,0.5,0.45208,0.23469,0.00669,0.04731,1.23091,1.35366,0.000901,0.000901,0.000901
202,280.426,0.00303,0.00661,0.37482,0.9522,0.86207,0.73529,0.8035,0.58619,0.58174,0.5,0.4559,0.23497,0.00741,0.04951,1.15801,1.53821,0.000900505,0.000900505,0.000900505
203,281.672,0.00285,0.00578,0.33063,0.91452,0.70267,0.73529,0.75894,0.54043,0.5052,0.52941,0.41994,0.20111,0.00727,0.05236,1.18905,1.49727,0.00090001,0.00090001,0.00090001
204,282.911,0.00323,0.00592,0.38719,0.94324,0.76249,0.58824,0.70117,0.49093,0.49487,0.38235,0.37915,0.1428,0.00739,0.05992,1.34254,1.50711,0.000899515,0.000899515,0.000899515
205,284.244,0.00293,0.00593,0.37303,0.91729,0.81716,0.52941,0.66872,0.47211,0.35902,0.35294,0.24908,0.11017,0.00771,0.06914,1.40489,1.57473,0.00089902,0.00089902,0.00089902
206,285.536,0.00292,0.00636,0.35409,0.91567,0.88324,0.52941,0.66837,0.47155,0.36712,0.26471,0.20764,0.10988,0.00769,0.07225,1.41253,1.5735,0.000898525,0.000898525,0.000898525
207,286.849,0.0029,0.00542,0.34028,0.90652,0.89123,0.55882,0.67241,0.46644,0.60366,0.32353,0.28626,0.14552,0.00759,0.07062,1.25914,1.61142,0.00089803,0.00089803,0.00089803
208,288.096,0.00284,0.00588,0.3394,0.90887,0.99135,0.52941,0.68609,0.46902,0.64442,0.32353,0.31434,0.15275,0.00778,0.06692,1.20628,1.6966,0.000897535,0.000897535,0.000897535
209,289.392,0.00276,0.00619,0.3315,0.91132,0.75279,0.62717,0.68321,0.473,0.64392,0.32353,0.32484,0.14138,0.00796,0.0683,1.34951,1.67429,0.00089704,0.00089704,0.00089704
210,290.716,0.00266,0.00564,0.32728,0.88389,0.75712,0.58824,0.65946,0.47011,0.61887,0.32353,0.34665,0.14525,0.00823,0.06751,1.55269,1.67538,0.000896545,0.000896545,0.000896545
211,291.946,0.00268,0.00543,0.34817,0.89229,0.90146,0.58824,0.66647,0.46522,0.6846,0.35294,0.35958,0.14775,0.00814,0.06754,1.5019,1.64477,0.00089605,0.00089605,0.00089605
212,293.215,0.0028,0.006,0.33968,0.90281,0.8358,0.61765,0.64315,0.44369,0.6237,0.35294,0.28619,0.15471,0.00785,0.06371,1.45807,1.62729,0.000895555,0.000895555,0.000895555
213,294.55,0.00271,0.00616,0.36459,0.90998,0.75136,0.55882,0.62534,0.4342,0.67862,0.38235,0.34623,0.16601,0.00754,0.06369,1.41427,1.52916,0.00089506,0.00089506,0.00089506
214,295.951,0.0027,0.00587,0.34405,0.88361,0.80767,0.52941,0.60726,0.44701,0.58299,0.38235,0.33217,0.17272,0.00743,0.06526,1.37247,1.48484,0.000894565,0.000894565,0.000894565
215,297.237,0.00272,0.00549,0.33393,0.90839,0.82374,0.55882,0.63947,0.4848,0.64857,0.44118,0.41094,0.23638,0.00717,0.05846,1.32344,1.42491,0.00089407,0.00089407,0.00089407
216,298.615,0.00288,0.00631,0.36819,0.9327,0.82673,0.58824,0.65284,0.50426,0.61982,0.44118,0.36457,0.22356,0.00691,0.0527,1.2262,1.37719,0.000893575,0.000893575,0.000893575
217,299.891,0.00261,0.00545,0.3228,0.90634,0.90877,0.58602,0.67694,0.52371,0.81767,0.52766,0.51881,0.25809,0.00657,0.04829,1.15896,1.33852,0.00089308,0.00089308,0.00089308
218,302.289,0.00279,0.00555,0.34056,0.91625,0.95077,0.58824,0.70052,0.56078,0.85441,0.52941,0.54279,0.28798,0.0063,0.04153,1.18829,1.28776,0.000892585,0.000892585,0.000892585
219,303.833,0.00276,0.00667,0.34322,0.91865,0.94811,0.61765,0.71822,0.56031,0.90246,0.58824,0.63437,0.3526,0.0065,0.03396,1.17084,1.40885,0.00089209,0.00089209,0.00089209
220,305.103,0.00307,0.00618,0.33655,0.91087,0.94516,0.61765,0.70293,0.53936,0.94516,0.61765,0.70038,0.3933,0.00632,0.02666,1.18944,1.39362,0.000891595,0.000891595,0.000891595
221,306.484,0.00283,0.00622,0.33312,0.91821,0.7514,0.64706,0.66643,0.53524,0.74656,0.58824,0.63989,0.41191,0.0064,0.02219,1.32215,1.31445,0.0008911,0.0008911,0.0008911
222,307.712,0.00316,0.00687,0.35666,0.9427,0.76493,0.58824,0.62204,0.47502,0.72606,0.55882,0.59379,0.4046,0.00663,0.01919,1.37874,1.33494,0.000890605,0.000890605,0.000890605
223,309,0.00264,0.0053,0.33012,0.88511,0.66707,0.61765,0.59832,0.40683,0.59617,0.55882,0.54135,0.36207,0.00731,0.01818,1.44102,1.42964,0.00089011,0.00089011,0.00089011
224,310.235,0.003,0.00643,0.35742,0.92237,0.47978,0.58824,0.47383,0.33693,0.49679,0.58824,0.47323,0.29056,0.00808,0.01871,1.66997,1.54252,0.000889615,0.000889615,0.000889615
225,311.478,0.00293,0.00604,0.34137,0.91845,0.4503,0.5,0.4342,0.3079,0.42208,0.47059,0.40153,0.24709,0.0084,0.02153,1.98041,1.6024,0.00088912,0.00088912,0.00088912
226,312.784,0.00277,0.00478,0.32118,0.89751,0.42089,0.55585,0.45901,0.30391,0.45186,0.58201,0.46087,0.23018,0.00838,0.02434,2.06251,1.62702,0.000888625,0.000888625,0.000888625
227,314.13,0.0028,0.00601,0.34733,0.91881,0.58717,0.58824,0.53339,0.33206,0.61475,0.44118,0.48905,0.27088,0.00866,0.02378,2.00817,1.64922,0.00088813,0.00088813,0.00088813
228,315.386,0.00294,0.00598,0.35119,0.91629,0.56218,0.58824,0.50096,0.31264,0.53407,0.55882,0.50722,0.26632,0.00888,0.02256,1.8876,1.68629,0.000887635,0.000887635,0.000887635
229,316.75,0.00297,0.0062,0.36443,0.92973,0.68458,0.52941,0.55619,0.3305,0.67844,0.5,0.544,0.29756,0.00964,0.02415,1.81354,1.92074,0.00088714,0.00088714,0.00088714
230,318.024,0.00303,0.00634,0.34686,0.91418,0.67498,0.52941,0.58373,0.3661,0.59839,0.47059,0.48649,0.27618,0.00893,0.02885,1.96252,1.78319,0.000886645,0.000886645,0.000886645
231,319.32,0.00288,0.00602,0.32889,0.91169,0.66574,0.61765,0.60633,0.36229,0.63645,0.58824,0.48621,0.2555,0.00879,0.03178,1.96679,1.68197,0.00088615,0.00088615,0.00088615
232,320.65,0.0026,0.00585,0.31778,0.88146,0.60048,0.57491,0.57779,0.31676,0.51309,0.5,0.41634,0.23568,0.00909,0.03244,2.10861,1.73999,0.000885655,0.000885655,0.000885655
233,321.996,0.00283,0.00616,0.35367,0.91669,0.6034,0.5,0.52843,0.29467,0.53254,0.55882,0.44362,0.24161,0.01,0.02779,2.26816,1.811,0.00088516,0.00088516,0.00088516
234,323.317,0.00276,0.00562,0.35512,0.89569,0.67825,0.44118,0.49081,0.28719,0.44621,0.5,0.40348,0.23778,0.00975,0.0242,2.27679,1.77637,0.000884665,0.000884665,0.000884665
235,324.569,0.00281,0.0054,0.33044,0.89208,0.66896,0.47059,0.48166,0.27067,0.58901,0.5,0.47672,0.24602,0.01045,0.02179,2.15721,1.87254,0.00088417,0.00088417,0.00088417
236,325.915,0.00294,0.00543,0.33776,0.92325,0.58283,0.52941,0.49088,0.28573,0.617,0.55882,0.53006,0.28204,0.01099,0.0203,1.88709,1.92801,0.000883675,0.000883675,0.000883675
237,327.312,0.00281,0.00494,0.3241,0.91765,0.59664,0.5,0.49804,0.30151,0.64487,0.55882,0.57496,0.28237,0.01086,0.02056,1.93044,1.90257,0.00088318,0.00088318,0.00088318
238,328.581,0.00295,0.00606,0.34326,0.93236,0.39746,0.50451,0.44891,0.29975,0.7557,0.54618,0.60803,0.27622,0.01048,0.02087,1.93175,1.88906,0.000882685,0.000882685,0.000882685
239,329.805,0.00289,0.00606,0.33855,0.90444,0.4987,0.58824,0.50447,0.33074,0.57379,0.67647,0.63544,0.2879,0.00975,0.02312,1.76497,1.8887,0.00088219,0.00088219,0.00088219
240,332.244,0.00303,0.00634,0.36086,0.93298,0.73259,0.52941,0.61872,0.39334,0.77008,0.61765,0.6663,0.34072,0.00962,0.02543,1.67087,1.89441,0.000881695,0.000881695,0.000881695
241,333.797,0.00292,0.00607,0.35115,0.91902,0.79623,0.57492,0.67648,0.46505,0.79623,0.57492,0.66777,0.40768,0.00934,0.02612,1.53429,1.82731,0.0008812,0.0008812,0.0008812
242,335.171,0.00289,0.00609,0.3457,0.91056,0.71829,0.64706,0.72019,0.51387,0.78607,0.64849,0.74112,0.46421,0.00793,0.02763,1.43178,1.50921,0.000880705,0.000880705,0.000880705
243,336.439,0.00286,0.00643,0.3439,0.90272,0.87954,0.64437,0.7682,0.5739,0.87954,0.64437,0.75865,0.49797,0.00705,0.02778,1.38449,1.40297,0.00088021,0.00088021,0.00088021
244,337.63,0.00288,0.00565,0.33681,0.91713,0.88079,0.70588,0.80678,0.61923,0.88079,0.70588,0.81731,0.54147,0.0061,0.02785,1.12124,1.24023,0.000879715,0.000879715,0.000879715
245,338.942,0.00279,0.00704,0.33855,0.92908,0.92936,0.77409,0.84548,0.66098,0.86674,0.76518,0.84602,0.55881,0.00556,0.02697,0.84938,1.17784,0.00087922,0.00087922,0.00087922
246,340.241,0.00275,0.00611,0.32848,0.91804,0.92273,0.79412,0.86565,0.69367,0.8896,0.76471,0.86154,0.56055,0.00568,0.02712,0.76776,1.25354,0.000878725,0.000878725,0.000878725
247,341.516,0.00262,0.00543,0.2929,0.89337,0.85844,0.82353,0.86857,0.69534,0.85844,0.82353,0.8709,0.54673,0.0053,0.02784,0.6665,1.20307,0.00087823,0.00087823,0.00087823
248,342.766,0.00269,0.00621,0.30431,0.88854,0.98013,0.73529,0.86643,0.70085,0.75918,0.76471,0.7853,0.52765,0.00551,0.02969,0.68751,1.24332,0.000877735,0.000877735,0.000877735
249,344.056,0.00286,0.00548,0.33197,0.9089,0.99661,0.73529,0.84804,0.69819,0.81034,0.70588,0.78394,0.5205,0.00554,0.03036,0.7115,1.23055,0.00087724,0.00087724,0.00087724
250,345.382,0.00278,0.0052,0.31267,0.88866,0.98061,0.73529,0.85303,0.69057,0.87715,0.64706,0.76571,0.5182,0.00557,0.0303,0.79688,1.22071,0.000876745,0.000876745,0.000876745
251,346.627,0.0028,0.00606,0.32969,0.90667,0.83989,0.82353,0.86712,0.69893,0.89465,0.64706,0.75086,0.5265,0.00578,0.02967,0.80877,1.25988,0.00087625,0.00087625,0.00087625
252,347.856,0.00269,0.00574,0.29103,0.90059,0.81837,0.82353,0.86934,0.71506,0.7304,0.73529,0.74432,0.53178,0.00554,0.02988,0.79344,1.21895,0.000875755,0.000875755,0.000875755
253,349.22,0.00288,0.00558,0.3293,0.88957,0.88596,0.70588,0.88069,0.70421,0.84847,0.67647,0.79146,0.56037,0.00538,0.0305,0.8125,1.18749,0.00087526,0.00087526,0.00087526
254,350.575,0.00289,0.00578,0.33522,0.89523,0.81769,0.79158,0.86224,0.68843,0.81994,0.70588,0.77871,0.54579,0.00532,0.03291,0.80879,1.18842,0.000874765,0.000874765,0.000874765
255,351.87,0.0025,0.00545,0.29476,0.86767,0.82871,0.73529,0.82911,0.67993,0.79556,0.70588,0.7637,0.51955,0.00508,0.03243,0.85503,1.17013,0.00087427,0.00087427,0.00087427
256,353.179,0.00275,0.00652,0.30767,0.89592,0.82896,0.73529,0.82521,0.68319,0.79559,0.70588,0.76314,0.50073,0.00495,0.03184,0.88948,1.15504,0.000873775,0.000873775,0.000873775
257,354.403,0.00273,0.00566,0.31028,0.92263,0.89753,0.73529,0.84514,0.70405,0.86088,0.70588,0.81038,0.51577,0.00485,0.03006,0.81516,1.14899,0.00087328,0.00087328,0.00087328
258,355.594,0.00293,0.00614,0.34268,0.92314,0.90738,0.70588,0.83762,0.68118,0.90738,0.70588,0.83362,0.53833,0.00494,0.02976,0.78884,1.17312,0.000872785,0.000872785,0.000872785
259,356.866,0.003,0.00595,0.33714,0.90463,0.94852,0.70588,0.83502,0.68617,0.94852,0.70588,0.8164,0.53394,0.00497,0.03136,0.7581,1.16593,0.00087229,0.00087229,0.00087229
260,358.215,0.00275,0.00614,0.34332,0.90018,0.95938,0.69496,0.82992,0.68557,0.92004,0.73529,0.83482,0.52392,0.00517,0.03447,0.82222,1.16439,0.000871795,0.000871795,0.000871795
261,359.448,0.00291,0.00741,0.33454,0.90838,0.88961,0.73529,0.81641,0.66026,0.88961,0.73529,0.80623,0.49397,0.00532,0.03656,0.89935,1.17441,0.0008713,0.0008713,0.0008713
262,362.317,0.0029,0.00599,0.35041,0.91082,0.89222,0.73529,0.79792,0.64519,0.92823,0.76471,0.80871,0.46897,0.0058,0.03663,0.91255,1.27085,0.000870805,0.000870805,0.000870805
263,363.76,0.00282,0.00603,0.32969,0.89548,0.88455,0.70588,0.76975,0.62347,0.92141,0.73529,0.79684,0.45313,0.00589,0.03452,0.92889,1.3351,0.00087031,0.00087031,0.00087031
264,365.13,0.00282,0.00597,0.32611,0.91328,0.89235,0.73151,0.7514,0.61918,0.92821,0.76073,0.79712,0.45406,0.00594,0.03147,0.92507,1.34091,0.000869815,0.000869815,0.000869815
265,366.509,0.00278,0.00604,0.34527,0.9003,0.88646,0.73529,0.7512,0.61543,0.88646,0.73529,0.73491,0.46486,0.00569,0.02851,0.85489,1.27647,0.00086932,0.00086932,0.00086932
266,367.746,0.0028,0.00587,0.31936,0.90395,0.92589,0.7349,0.74417,0.60838,0.92589,0.7349,0.74873,0.48124,0.00515,0.02364,0.79927,1.17838,0.000868825,0.000868825,0.000868825
267,369.023,0.00264,0.00582,0.30995,0.91671,0.92848,0.76367,0.76504,0.62959,0.94976,0.76471,0.80219,0.54895,0.00469,0.02023,0.78384,1.11259,0.00086833,0.00086833,0.00086833
268,370.468,0.00258,0.00539,0.30085,0.92485,0.92676,0.76471,0.7598,0.62217,0.89052,0.73529,0.77379,0.53987,0.00479,0.01931,0.84167,1.12866,0.000867835,0.000867835,0.000867835
269,371.69,0.0026,0.00585,0.3093,0.89648,0.90571,0.70588,0.75989,0.63159,0.90571,0.70588,0.77693,0.54514,0.00485,0.01919,0.89303,1.1497,0.00086734,0.00086734,0.00086734
270,372.898,0.00265,0.00545,0.33174,0.89855,0.91994,0.67598,0.76715,0.64217,0.95994,0.70482,0.78609,0.53978,0.00493,0.01868,0.93918,1.16709,0.000866845,0.000866845,0.000866845
271,374.157,0.00268,0.00521,0.31653,0.91726,0.88496,0.67887,0.7668,0.6272,0.95998,0.7055,0.80552,0.53704,0.00584,0.01859,0.8664,1.37943,0.00086635,0.00086635,0.00086635
272,375.51,0.00277,0.0058,0.31569,0.90275,0.78063,0.76471,0.77363,0.6311,0.81094,0.79412,0.80995,0.55338,0.00605,0.01912,0.93188,1.46863,0.000865855,0.000865855,0.000865855
273,376.764,0.00267,0.00569,0.30832,0.90334,0.92234,0.6988,0.78081,0.61909,0.94467,0.70588,0.79116,0.53286,0.00585,0.02014,1.00297,1.38189,0.00086536,0.00086536,0.00086536
274,377.98,0.0027,0.00616,0.31651,0.92124,0.86404,0.74792,0.78231,0.60488,0.86404,0.74792,0.78294,0.50084,0.00583,0.0228,1.01818,1.34241,0.000864865,0.000864865,0.000864865
275,379.319,0.00278,0.00582,0.34114,0.8913,0.88429,0.70588,0.79398,0.6174,0.89086,0.67647,0.71871,0.47938,0.00586,0.02555,1.02114,1.34009,0.00086437,0.00086437,0.00086437
276,380.637,0.00249,0.00567,0.31877,0.88526,0.91921,0.73529,0.80111,0.62163,0.85162,0.67647,0.71899,0.49432,0.00594,0.02865,1.01412,1.35949,0.000863875,0.000863875,0.000863875
277,381.891,0.00269,0.00541,0.31758,0.91164,0.94734,0.73529,0.80907,0.60417,0.87155,0.67647,0.72327,0.46237,0.00584,0.02885,0.99738,1.37321,0.00086338,0.00086338,0.00086338
278,383.302,0.00239,0.00499,0.29098,0.85081,0.90359,0.73529,0.82346,0.61434,0.88241,0.70588,0.78846,0.46609,0.00575,0.02682,0.96707,1.3737,0.000862885,0.000862885,0.000862885
279,384.656,0.00282,0.00592,0.3322,0.92377,0.82121,0.82353,0.82081,0.61195,0.79137,0.79412,0.78935,0.48799,0.00586,0.02449,0.98351,1.38814,0.00086239,0.00086239,0.00086239
280,385.88,0.00271,0.00557,0.30615,0.9116,0.77432,0.82353,0.80734,0.60314,0.91057,0.70588,0.77695,0.50686,0.00582,0.023,0.99,1.37598,0.000861895,0.000861895,0.000861895
281,387.105,0.00258,0.00575,0.29877,0.89218,0.85563,0.67647,0.81112,0.62127,0.85563,0.67647,0.78694,0.55256,0.00588,0.02246,0.99954,1.36724,0.0008614,0.0008614,0.0008614
282,388.358,0.0027,0.00584,0.3347,0.87398,0.72199,0.79412,0.78917,0.60701,0.72199,0.79412,0.77378,0.54359,0.00614,0.02253,1.09846,1.37736,0.000860905,0.000860905,0.000860905
283,389.697,0.00239,0.00505,0.2694,0.88767,0.72867,0.78995,0.77629,0.59727,0.72867,0.78995,0.76734,0.51953,0.0059,0.0229,1.07481,1.353,0.00086041,0.00086041,0.00086041
284,392.136,0.0027,0.00653,0.34817,0.92052,0.83647,0.76471,0.78331,0.60246,0.83647,0.76471,0.78107,0.51885,0.0058,0.02198,1.01785,1.33847,0.000859915,0.000859915,0.000859915
285,393.754,0.00287,0.0061,0.34905,0.90861,0.89255,0.73299,0.7887,0.60423,0.89255,0.73299,0.79627,0.52343,0.00569,0.02045,0.93358,1.31717,0.00085942,0.00085942,0.00085942
286,394.995,0.00286,0.00619,0.33424,0.92585,0.92084,0.73529,0.80983,0.60916,0.92451,0.70588,0.81597,0.52276,0.00568,0.01915,0.8622,1.30435,0.000858925,0.000858925,0.000858925
287,396.194,0.00287,0.00589,0.30944,0.93986,0.96153,0.73512,0.8197,0.62575,0.96153,0.73512,0.81797,0.53108,0.00597,0.01842,0.91882,1.3562,0.00085843,0.00085843,0.00085843
288,397.5,0.00283,0.00569,0.32703,0.93067,0.88116,0.73529,0.80535,0.61838,0.88116,0.73529,0.80178,0.53186,0.00591,0.0188,0.95551,1.32898,0.000857935,0.000857935,0.000857935
289,398.833,0.0027,0.00617,0.3457,0.90064,0.83382,0.70588,0.8005,0.60513,0.86054,0.73529,0.81553,0.52454,0.00596,0.01882,1.02797,1.32505,0.00085744,0.00085744,0.00085744
290,400.017,0.00278,0.00587,0.32352,0.89907,0.85914,0.70588,0.80107,0.61234,0.89494,0.73529,0.82075,0.52495,0.00617,0.01826,1.01419,1.35281,0.000856945,0.000856945,0.000856945
291,401.236,0.00289,0.0056,0.33324,0.90623,0.84709,0.70588,0.80706,0.63072,0.88239,0.73529,0.82308,0.55944,0.00587,0.01734,1.0374,1.29565,0.00085645,0.00085645,0.00085645
292,402.663,0.00272,0.00633,0.33172,0.90892,0.87705,0.73529,0.8266,0.64319,0.87705,0.73529,0.8266,0.56516,0.00555,0.01656,1.00194,1.24085,0.000855955,0.000855955,0.000855955
293,403.967,0.00262,0.00523,0.30104,0.87599,0.72705,0.78361,0.81072,0.63995,0.78125,0.76471,0.81823,0.56449,0.0057,0.01665,0.98936,1.24866,0.00085546,0.00085546,0.00085546
294,405.247,0.00261,0.00582,0.31455,0.87903,0.87614,0.64706,0.79972,0.63758,0.87614,0.64706,0.80289,0.54676,0.00573,0.01766,0.98445,1.25926,0.000854965,0.000854965,0.000854965
295,406.494,0.00265,0.00525,0.30359,0.8791,0.93179,0.64706,0.79036,0.60736,0.93179,0.64706,0.79036,0.52806,0.00556,0.01867,1.05835,1.24919,0.00085447,0.00085447,0.00085447
296,407.872,0.00265,0.00543,0.31263,0.88897,0.91736,0.65319,0.77972,0.58945,0.91736,0.65319,0.77213,0.51264,0.0057,0.0198,1.07758,1.27308,0.000853975,0.000853975,0.000853975
297,409.075,0.00277,0.00572,0.31894,0.93984,0.86187,0.73412,0.78296,0.59292,0.91533,0.67647,0.75175,0.50193,0.00589,0.02074,1.10286,1.34394,0.00085348,0.00085348,0.00085348
298,410.284,0.00273,0.00574,0.30181,0.91595,0.91142,0.67647,0.76325,0.59865,0.91142,0.67647,0.73073,0.49745,0.00568,0.02202,1.1545,1.33409,0.000852985,0.000852985,0.000852985
299,411.624,0.00293,0.00663,0.35036,0.91093,0.94001,0.64706,0.75713,0.61104,0.94001,0.64706,0.72785,0.50647,0.00576,0.02336,1.14799,1.33818,0.00085249,0.00085249,0.00085249
300,412.954,0.00313,0.00559,0.3422,0.91473,0.91292,0.67647,0.78901,0.60301,0.87301,0.64706,0.73914,0.51658,0.00624,0.02359,1.20518,1.39112,0.000851995,0.000851995,0.000851995
301,414.201,0.00276,0.00611,0.3171,0.92013,1,0.69704,0.82802,0.62195,1,0.69704,0.79824,0.54373,0.00661,0.02218,1.00466,1.4874,0.0008515,0.0008515,0.0008515
302,415.499,0.00264,0.00565,0.31063,0.89293,0.95225,0.73529,0.84168,0.61743,0.95225,0.73529,0.81386,0.56164,0.0066,0.01994,1.00908,1.45443,0.000851005,0.000851005,0.000851005
303,416.902,0.00277,0.00578,0.32213,0.89829,0.85766,0.76471,0.80541,0.59141,0.85766,0.76471,0.7934,0.55511,0.00668,0.01729,1.02781,1.48198,0.00085051,0.00085051,0.00085051
304,418.103,0.00282,0.00558,0.32274,0.91324,0.88663,0.73529,0.80538,0.60119,0.89514,0.75348,0.82395,0.55453,0.0068,0.01496,1.02411,1.5145,0.000850015,0.000850015,0.000850015
305,419.336,0.00264,0.00521,0.29745,0.90061,0.80894,0.73529,0.80743,0.61351,0.84448,0.76471,0.83429,0.54615,0.00662,0.0146,0.96447,1.48382,0.00084952,0.00084952,0.00084952
306,421.811,0.00255,0.00518,0.30036,0.92364,0.75722,0.73393,0.78599,0.5894,0.78747,0.76289,0.81884,0.51123,0.00658,0.01539,0.95779,1.44845,0.000849025,0.000849025,0.000849025
307,423.541,0.00265,0.00534,0.30043,0.8923,0.84718,0.65233,0.7706,0.57733,0.68909,0.84754,0.79713,0.47757,0.00636,0.0165,0.91222,1.38694,0.00084853,0.00084853,0.00084853
308,425.117,0.00263,0.00467,0.3075,0.88682,0.84118,0.73529,0.80595,0.58581,0.80587,0.70588,0.81055,0.48095,0.00596,0.01632,0.85738,1.32397,0.000848035,0.000848035,0.000848035
309,426.337,0.00259,0.00508,0.29028,0.89126,0.85538,0.76471,0.79659,0.58917,0.75794,0.79412,0.8132,0.51959,0.0058,0.01609,0.83269,1.27399,0.00084754,0.00084754,0.00084754
310,427.732,0.00285,0.0062,0.32936,0.9131,0.87392,0.73529,0.80241,0.59277,0.72474,0.85186,0.81284,0.52664,0.00572,0.01577,0.82879,1.22479,0.000847045,0.000847045,0.000847045
311,429.205,0.00268,0.00576,0.31501,0.8786,0.75539,0.85294,0.83157,0.61487,0.75539,0.85294,0.83171,0.55782,0.0059,0.01614,0.83515,1.23699,0.00084655,0.00084655,0.00084655
312,430.419,0.00252,0.00569,0.31257,0.87221,0.89789,0.76471,0.86317,0.62686,0.86236,0.73529,0.84651,0.52191,0.00607,0.01748,0.83509,1.24996,0.000846055,0.000846055,0.000846055
313,431.701,0.00265,0.00523,0.29612,0.88644,0.93298,0.81903,0.86811,0.64549,0.89955,0.79026,0.84234,0.4986,0.00603,0.02031,0.81505,1.23931,0.00084556,0.00084556,0.00084556
314,433.123,0.00256,0.00514,0.30938,0.91436,0.87121,0.85294,0.87156,0.65158,0.78998,0.79412,0.80462,0.45628,0.00607,0.02376,0.79121,1.26807,0.000845065,0.000845065,0.000845065
315,434.37,0.00243,0.00539,0.29641,0.87038,0.95658,0.79412,0.86681,0.67163,0.885,0.73529,0.76556,0.47773,0.00574,0.0238,0.78392,1.24948,0.00084457,0.00084457,0.00084457
316,435.636,0.00271,0.00616,0.30536,0.88599,0.95541,0.76471,0.86602,0.66507,0.91841,0.73529,0.81556,0.52002,0.00566,0.02318,0.8124,1.26781,0.000844075,0.000844075,0.000844075
317,437.008,0.00256,0.00484,0.29759,0.85833,0.9243,0.76471,0.8439,0.63489,0.88875,0.73529,0.80502,0.53397,0.00571,0.02291,0.87417,1.28851,0.00084358,0.00084358,0.00084358
318,438.27,0.00279,0.00656,0.30728,0.9206,0.92683,0.76471,0.83863,0.67307,0.89061,0.73529,0.80056,0.56619,0.00555,0.02253,1.01023,1.25481,0.000843085,0.000843085,0.000843085
319,439.657,0.00278,0.00531,0.32071,0.90944,0.89594,0.75986,0.81665,0.65915,0.86134,0.73091,0.80129,0.54354,0.00535,0.02359,0.97479,1.25274,0.00084259,0.00084259,0.00084259
320,440.966,0.00271,0.00548,0.31249,0.88512,0.87613,0.76471,0.82215,0.65437,0.8083,0.70588,0.73232,0.49931,0.00524,0.02609,0.93969,1.22775,0.000842095,0.000842095,0.000842095
321,442.281,0.00258,0.00626,0.30599,0.90131,0.91871,0.76471,0.83317,0.63981,0.8831,0.73529,0.7437,0.4573,0.00528,0.02887,0.96208,1.22642,0.0008416,0.0008416,0.0008416
322,443.56,0.00274,0.00519,0.29528,0.89432,0.89979,0.79412,0.83232,0.65186,0.83261,0.73529,0.70878,0.47642,0.00537,0.0296,0.94567,1.22202,0.000841105,0.000841105,0.000841105
323,444.882,0.00291,0.00556,0.31608,0.9082,0.87084,0.79324,0.82578,0.64001,0.7741,0.70588,0.70351,0.49028,0.00551,0.02712,0.95306,1.23435,0.00084061,0.00084061,0.00084061
324,446.085,0.0028,0.00556,0.32474,0.89582,0.89597,0.79412,0.82019,0.60835,0.79583,0.70588,0.69369,0.49163,0.00595,0.02485,0.94444,1.31273,0.000840115,0.000840115,0.000840115
325,447.418,0.00252,0.00531,0.29713,0.87286,0.8705,0.82353,0.8236,0.6095,0.80832,0.76471,0.74567,0.50703,0.00607,0.023,0.98998,1.30724,0.00083962,0.00083962,0.00083962
326,448.592,0.00248,0.00572,0.31208,0.87064,0.89639,0.73529,0.815,0.62413,0.86053,0.70588,0.77557,0.5106,0.00593,0.02352,1.00806,1.27443,0.000839125,0.000839125,0.000839125
327,449.944,0.00256,0.0054,0.2797,0.88728,0.89955,0.73529,0.80103,0.61083,0.86357,0.70588,0.76184,0.49102,0.00596,0.02437,0.99714,1.2704,0.00083863,0.00083863,0.00083863
328,452.541,0.00268,0.00553,0.34275,0.89883,0.79513,0.79412,0.80746,0.59609,0.78017,0.76471,0.74501,0.46396,0.00616,0.0251,1.00633,1.31894,0.000838135,0.000838135,0.000838135
329,453.869,0.00274,0.00567,0.32634,0.92272,0.89262,0.73354,0.80632,0.58474,0.85688,0.70443,0.73604,0.45833,0.00622,0.02528,1.00438,1.35301,0.00083764,0.00083764,0.00083764
330,455.155,0.00297,0.00574,0.31866,0.89564,0.83898,0.70588,0.7897,0.58332,0.79536,0.67647,0.7254,0.44357,0.00629,0.02603,1.03827,1.38551,0.000837145,0.000837145,0.000837145
331,456.403,0.00279,0.00574,0.30431,0.89599,0.82053,0.67647,0.78556,0.59221,0.80394,0.67647,0.73118,0.44807,0.00628,0.0262,1.069,1.37269,0.00083665,0.00083665,0.00083665
332,457.702,0.00243,0.00515,0.29121,0.87058,0.8676,0.64706,0.77503,0.57602,0.79612,0.64706,0.726,0.45355,0.00629,0.02575,1.11144,1.35273,0.000836155,0.000836155,0.000836155
333,459.141,0.00269,0.00573,0.31307,0.8944,0.87314,0.64706,0.79822,0.6097,0.79713,0.67647,0.74951,0.47872,0.0062,0.0251,1.11029,1.32645,0.00083566,0.00083566,0.00083566
334,460.409,0.00268,0.00571,0.29468,0.90865,0.72129,0.76124,0.78804,0.62064,0.68897,0.71687,0.73869,0.50439,0.00595,0.02335,1.12097,1.29698,0.000835165,0.000835165,0.000835165
335,461.76,0.00284,0.00621,0.33275,0.91393,0.92111,0.6871,0.80183,0.62552,0.882,0.6598,0.75107,0.53817,0.00605,0.02186,1.19923,1.29666,0.00083467,0.00083467,0.00083467
336,463.175,0.00278,0.00615,0.34333,0.91129,0.95827,0.67542,0.80505,0.62363,0.91662,0.64669,0.75318,0.5465,0.0062,0.02053,1.14786,1.27154,0.000834175,0.000834175,0.000834175
337,464.447,0.00271,0.00534,0.31158,0.89319,0.81276,0.73529,0.76802,0.59586,0.77938,0.70588,0.7477,0.5372,0.00647,0.02056,1.15689,1.2827,0.00083368,0.00083368,0.00083368
338,465.742,0.00258,0.00531,0.29135,0.87645,0.87502,0.67647,0.76628,0.59248,0.90509,0.64706,0.7574,0.52587,0.00647,0.02085,1.18437,1.29422,0.000833185,0.000833185,0.000833185
339,467.1,0.00261,0.00561,0.30134,0.91676,0.85698,0.70499,0.75151,0.57799,0.85179,0.67647,0.74457,0.50947,0.00664,0.02123,1.22799,1.30161,0.00083269,0.00083269,0.00083269
340,468.367,0.00243,0.00513,0.28947,0.88335,0.85271,0.73529,0.77445,0.56956,0.81835,0.70588,0.75225,0.50411,0.00683,0.02138,1.28106,1.32006,0.000832195,0.000832195,0.000832195
341,469.706,0.00249,0.00467,0.30282,0.88192,0.88134,0.70588,0.77269,0.56152,0.84425,0.67647,0.75619,0.51955,0.00683,0.02095,1.29347,1.31372,0.0008317,0.0008317,0.0008317
342,471.081,0.00278,0.00621,0.3146,0.90481,0.85803,0.71115,0.79534,0.56852,0.85803,0.71115,0.79534,0.52832,0.00659,0.02063,1.29734,1.31907,0.000831205,0.000831205,0.000831205
343,472.344,0.00276,0.00513,0.29879,0.91366,0.9166,0.67647,0.80013,0.55828,0.9166,0.67647,0.78161,0.50341,0.00697,0.02011,1.34665,1.41007,0.00083071,0.00083071,0.00083071
344,473.648,0.00251,0.00509,0.28116,0.8897,0.95327,0.64706,0.80215,0.55964,0.95327,0.64706,0.77718,0.49313,0.00662,0.01919,1.3625,1.34564,0.000830215,0.000830215,0.000830215
345,474.994,0.00271,0.00539,0.30325,0.90913,0.95291,0.67647,0.77904,0.56871,0.95291,0.67647,0.80155,0.50512,0.00633,0.01814,1.30626,1.30525,0.00082972,0.00082972,0.00082972
346,476.321,0.00253,0.00586,0.29777,0.91604,0.99668,0.67647,0.79673,0.58582,0.99668,0.67647,0.80853,0.51568,0.00625,0.0173,1.19888,1.28772,0.000829225,0.000829225,0.000829225
347,477.666,0.00264,0.00535,0.30583,0.89091,0.88446,0.70588,0.79739,0.60571,0.84749,0.67647,0.76453,0.52241,0.00644,0.01666,1.13609,1.31052,0.00082873,0.00082873,0.00082873
348,479.022,0.00261,0.00527,0.31303,0.90059,0.85396,0.70588,0.82358,0.64193,0.85396,0.70588,0.83436,0.58003,0.00569,0.01608,1.04472,1.1685,0.000828235,0.000828235,0.000828235
349,480.629,0.00251,0.0048,0.30147,0.88165,0.79379,0.79258,0.83028,0.67526,0.79379,0.79258,0.82766,0.60768,0.00583,0.01555,1.00325,1.18176,0.00082774,0.00082774,0.00082774
350,482.4,0.0024,0.00454,0.28401,0.85676,0.79501,0.82353,0.8478,0.69496,0.79501,0.82353,0.86328,0.6293,0.00578,0.01548,0.89857,1.18065,0.000827245,0.000827245,0.000827245
351,483.927,0.00244,0.00519,0.28307,0.88934,0.83966,0.79412,0.8666,0.7097,0.83966,0.79412,0.87717,0.64951,0.0056,0.01558,0.83749,1.15904,0.00082675,0.00082675,0.00082675
352,485.19,0.0026,0.00542,0.29869,0.88402,0.8992,0.78732,0.86834,0.71885,0.8992,0.78732,0.88123,0.66256,0.00531,0.01608,0.78111,1.13767,0.000826255,0.000826255,0.000826255
353,486.509,0.00261,0.00586,0.33452,0.91441,0.90277,0.81935,0.89993,0.74281,0.90277,0.81935,0.89157,0.6759,0.00508,0.0162,0.70242,1.12458,0.00082576,0.00082576,0.00082576
354,487.875,0.00279,0.00516,0.31722,0.9103,0.86692,0.79412,0.90364,0.74912,0.88372,0.76471,0.86682,0.66802,0.00531,0.01666,0.74044,1.15571,0.000825265,0.000825265,0.000825265
355,489.252,0.00247,0.00588,0.29303,0.89888,0.85285,0.85234,0.90188,0.70856,0.85159,0.84403,0.86267,0.64246,0.00571,0.01658,0.82254,1.21256,0.00082477,0.00082477,0.00082477
356,490.493,0.00247,0.0055,0.30468,0.88736,0.8422,0.78509,0.87555,0.65534,0.81074,0.75615,0.84645,0.59888,0.00638,0.01694,0.90807,1.29928,0.000824275,0.000824275,0.000824275
357,491.889,0.0024,0.00543,0.28357,0.87259,0.82851,0.73529,0.81597,0.61186,0.82851,0.73529,0.8103,0.5579,0.0069,0.01722,1.02495,1.33099,0.00082378,0.00082378,0.00082378
358,493.205,0.00273,0.00547,0.30197,0.88423,0.7987,0.70032,0.75721,0.57758,0.7987,0.70032,0.74861,0.50414,0.00721,0.01778,1.19422,1.33206,0.000823285,0.000823285,0.000823285
359,494.454,0.00286,0.00587,0.31056,0.90998,0.81265,0.63812,0.72069,0.54793,0.81265,0.63812,0.71242,0.48126,0.00748,0.01812,1.3027,1.40482,0.00082279,0.00082279,0.00082279
360,495.734,0.00246,0.00515,0.28791,0.88024,0.82726,0.64706,0.69904,0.53074,0.82726,0.64706,0.69165,0.47016,0.00746,0.01875,1.37348,1.42937,0.000822295,0.000822295,0.000822295
361,496.997,0.00253,0.00495,0.29901,0.87166,0.82342,0.64706,0.67636,0.50904,0.82342,0.64706,0.66985,0.46698,0.00758,0.01919,1.42966,1.45318,0.0008218,0.0008218,0.0008218
362,498.34,0.00261,0.00539,0.30878,0.88475,0.75723,0.6423,0.66072,0.49104,0.75723,0.6423,0.65429,0.46501,0.00762,0.01867,1.44384,1.40311,0.000821305,0.000821305,0.000821305
363,499.576,0.00268,0.00487,0.31683,0.90216,0.77202,0.61765,0.65574,0.50062,0.77202,0.61765,0.65083,0.47795,0.00719,0.01828,1.56988,1.35223,0.00082081,0.00082081,0.00082081
364,500.868,0.00262,0.00526,0.30222,0.87212,0.9081,0.61765,0.66783,0.49684,0.9081,0.61765,0.66783,0.4858,0.00694,0.01865,1.52397,1.29448,0.000820315,0.000820315,0.000820315
365,502.179,0.00265,0.00527,0.33356,0.87497,0.91302,0.61746,0.68653,0.51601,0.91302,0.61746,0.68653,0.51338,0.00709,0.01922,1.45795,1.34242,0.00081982,0.00081982,0.00081982
366,503.467,0.00266,0.00529,0.28846,0.88983,0.87044,0.61765,0.71155,0.53772,0.87044,0.61765,0.71872,0.51558,0.00696,0.02018,1.35575,1.34982,0.000819325,0.000819325,0.000819325
367,504.741,0.00295,0.0057,0.35712,0.93358,0.83949,0.61538,0.6784,0.52091,0.83949,0.61538,0.68043,0.49899,0.00709,0.0208,1.46771,1.34598,0.00081883,0.00081883,0.00081883
368,506.043,0.00235,0.0048,0.2831,0.87667,0.86906,0.58572,0.69122,0.51381,0.86906,0.58572,0.69413,0.49133,0.00711,0.02112,1.52061,1.34607,0.000818335,0.000818335,0.000818335
369,507.319,0.00278,0.00572,0.30453,0.9009,1,0.55141,0.70221,0.51524,0.94497,0.58824,0.69988,0.48357,0.00708,0.02115,1.52679,1.32877,0.00081784,0.00081784,0.00081784
370,508.547,0.00259,0.00554,0.2957,0.87608,0.84173,0.64706,0.74313,0.5308,0.95148,0.61765,0.74407,0.48003,0.00714,0.02161,1.4134,1.3424,0.000817345,0.000817345,0.000817345
371,509.875,0.00292,0.00585,0.32304,0.90321,0.82367,0.73529,0.78701,0.58806,0.9129,0.61655,0.72491,0.50839,0.00688,0.02198,1.08414,1.31936,0.00081685,0.00081685,0.00081685
372,512.352,0.00258,0.0053,0.29613,0.90164,0.87743,0.67647,0.79352,0.6305,0.83928,0.64706,0.73952,0.54396,0.00612,0.02203,0.988,1.20403,0.000816355,0.000816355,0.000816355
373,513.789,0.00259,0.0058,0.30704,0.90819,0.82579,0.70588,0.78708,0.6305,0.82579,0.70588,0.77052,0.53795,0.00603,0.0224,1.00501,1.20709,0.00081586,0.00081586,0.00081586
374,515.197,0.00262,0.00531,0.2844,0.88869,0.87869,0.63937,0.77345,0.63776,0.80496,0.72851,0.77434,0.55563,0.00568,0.02161,0.94776,1.16311,0.000815365,0.000815365,0.000815365
375,516.451,0.00254,0.00535,0.29861,0.89305,0.91534,0.63631,0.77432,0.6286,0.74518,0.76471,0.77218,0.53422,0.00567,0.02022,0.98097,1.17337,0.00081487,0.00081487,0.00081487
376,517.733,0.00251,0.00547,0.29338,0.90278,0.71753,0.79412,0.78952,0.62749,0.71753,0.79412,0.78404,0.55197,0.00598,0.01862,1.00246,1.20706,0.000814375,0.000814375,0.000814375
377,519.143,0.00264,0.00524,0.30224,0.87867,0.78166,0.76471,0.82989,0.64077,0.69865,0.76471,0.80251,0.55154,0.0057,0.01741,1.04467,1.17312,0.00081388,0.00081388,0.00081388
378,520.411,0.00252,0.0045,0.27322,0.88644,0.95779,0.6676,0.8265,0.64411,0.91563,0.63866,0.82532,0.56671,0.00557,0.01668,1.04287,1.15741,0.000813385,0.000813385,0.000813385
379,521.69,0.00251,0.00493,0.30627,0.88234,0.99496,0.61765,0.8021,0.62464,0.9789,0.58824,0.80329,0.53874,0.00565,0.01642,1.08174,1.1476,0.00081289,0.00081289,0.00081289
380,522.981,0.00266,0.00554,0.29136,0.88827,0.87702,0.64706,0.7856,0.61098,0.80768,0.6176,0.76927,0.50881,0.00574,0.01688,1.10786,1.14637,0.000812395,0.000812395,0.000812395
381,524.356,0.0027,0.00528,0.28352,0.90866,0.87052,0.61765,0.79113,0.62132,0.73809,0.66334,0.7785,0.48998,0.00572,0.01762,1.14797,1.1462,0.0008119,0.0008119,0.0008119
382,525.625,0.0026,0.00502,0.3018,0.88787,0.8635,0.64706,0.7891,0.62876,0.82054,0.61765,0.76878,0.49415,0.0058,0.01816,1.1268,1.15119,0.000811405,0.000811405,0.000811405
383,526.943,0.00248,0.00519,0.27988,0.88342,0.83681,0.67647,0.80752,0.65648,0.83681,0.67647,0.80752,0.53122,0.00538,0.0177,1.01687,1.09393,0.00081091,0.00081091,0.00081091
384,528.282,0.0024,0.00505,0.27086,0.8541,0.89628,0.64706,0.80602,0.65163,0.89628,0.64706,0.80841,0.54009,0.00509,0.01689,0.94525,1.07111,0.000810415,0.000810415,0.000810415
385,529.584,0.00246,0.0053,0.27616,0.87368,0.95603,0.63981,0.82604,0.67312,0.95603,0.63981,0.82415,0.57765,0.00502,0.01598,0.90316,1.07953,0.00080992,0.00080992,0.00080992
386,530.882,0.00248,0.00579,0.2875,0.87359,0.94937,0.64706,0.84472,0.68035,0.94937,0.64706,0.84472,0.59864,0.00515,0.01535,0.82843,1.13459,0.000809425,0.000809425,0.000809425
387,532.197,0.00239,0.00553,0.27897,0.88243,0.91973,0.67404,0.85541,0.6714,0.91973,0.67404,0.85541,0.60785,0.00554,0.01502,0.81994,1.22303,0.00080893,0.00080893,0.00080893
388,533.509,0.00258,0.00516,0.29169,0.89599,0.88594,0.70588,0.86004,0.67057,0.88594,0.70588,0.86004,0.60991,0.00554,0.01496,0.8231,1.24533,0.000808435,0.000808435,0.000808435
389,534.791,0.00227,0.00508,0.26065,0.8517,0.88392,0.73529,0.86769,0.6676,0.88392,0.73529,0.86769,0.62964,0.00552,0.01482,0.82106,1.24314,0.00080794,0.00080794,0.00080794
390,536.101,0.00256,0.00508,0.28185,0.89551,0.91561,0.70588,0.87279,0.66758,0.91561,0.70588,0.87279,0.63247,0.00556,0.01465,0.7665,1.25582,0.000807445,0.000807445,0.000807445
391,537.354,0.0024,0.005,0.27368,0.87146,0.92588,0.73479,0.88195,0.68194,0.92588,0.73479,0.88195,0.64772,0.00546,0.01441,0.70056,1.24966,0.00080695,0.00080695,0.00080695
392,538.652,0.00246,0.0055,0.31516,0.8985,0.82572,0.79412,0.89485,0.69833,0.82572,0.79412,0.89485,0.65229,0.00545,0.01429,0.67047,1.26771,0.000806455,0.000806455,0.000806455
393,539.893,0.00241,0.00507,0.28437,0.86702,0.83329,0.79412,0.89287,0.69659,0.86591,0.82353,0.90006,0.65892,0.00546,0.01415,0.67698,1.28539,0.00080596,0.00080596,0.00080596
394,542.443,0.00282,0.00603,0.32789,0.8943,0.95792,0.66979,0.83926,0.67993,0.89934,0.79412,0.89271,0.63986,0.00532,0.01404,0.74513,1.22855,0.000805465,0.000805465,0.000805465
395,543.814,0.00224,0.00439,0.27061,0.86985,0.8959,0.75953,0.83753,0.66183,0.8959,0.75953,0.85806,0.6192,0.00553,0.01409,0.8112,1.27001,0.00080497,0.00080497,0.00080497
396,545.07,0.00273,0.00564,0.29418,0.90011,0.91712,0.70588,0.80696,0.63845,0.91712,0.70588,0.82266,0.59392,0.00558,0.0142,0.86252,1.29344,0.000804475,0.000804475,0.000804475
397,546.409,0.0023,0.00512,0.27036,0.8758,0.95971,0.70083,0.78526,0.61812,0.95971,0.70083,0.79211,0.57069,0.00575,0.01442,0.92973,1.31725,0.00080398,0.00080398,0.00080398
398,547.781,0.00243,0.00504,0.28095,0.88637,0.8776,0.64706,0.72573,0.60148,0.91775,0.67647,0.76547,0.56608,0.00545,0.01457,0.95915,1.23565,0.000803485,0.000803485,0.000803485
399,549.019,0.00228,0.00498,0.27821,0.87322,0.87642,0.64706,0.72659,0.60073,0.91636,0.67647,0.7634,0.56137,0.00528,0.01487,1.0039,1.18385,0.00080299,0.00080299,0.00080299
400,550.717,0.00278,0.00467,0.33144,0.87654,0.95622,0.64264,0.75977,0.63272,1,0.67205,0.78842,0.57595,0.00516,0.01483,0.99019,1.17609,0.000802495,0.000802495,0.000802495
401,552.412,0.00239,0.00492,0.26865,0.87061,0.91099,0.67647,0.78744,0.65476,0.87723,0.70588,0.79373,0.57142,0.00487,0.01514,0.91962,1.13745,0.000802,0.000802,0.000802
402,553.992,0.00242,0.00518,0.27546,0.86785,0.898,0.64706,0.7789,0.64422,0.898,0.64706,0.76617,0.53883,0.00495,0.0157,0.8644,1.12576,0.000801505,0.000801505,0.000801505
403,555.888,0.00258,0.005,0.30257,0.89767,0.90565,0.64706,0.75098,0.62091,0.90565,0.64706,0.74049,0.51653,0.00527,0.0172,0.8582,1.11875,0.00080101,0.00080101,0.00080101
404,557.878,0.0026,0.00504,0.28114,0.90176,1,0.63598,0.75285,0.61976,1,0.63598,0.73809,0.49012,0.00532,0.0195,0.87361,1.12526,0.000800515,0.000800515,0.000800515
405,559.219,0.00293,0.00596,0.3238,0.93071,0.91283,0.61603,0.73956,0.61667,0.91283,0.61603,0.72677,0.47155,0.0056,0.02117,0.9985,1.16387,0.00080002,0.00080002,0.00080002
406,560.403,0.00249,0.00466,0.26743,0.86295,0.8392,0.64706,0.71717,0.59305,0.80106,0.61765,0.66607,0.43556,0.00552,0.02213,1.0172,1.13188,0.000799525,0.000799525,0.000799525
407,561.725,0.00261,0.00504,0.30075,0.88737,0.84955,0.67647,0.73791,0.59286,0.83978,0.61667,0.66642,0.42854,0.00562,0.02226,1.0407,1.13334,0.00079903,0.00079903,0.00079903
408,563.068,0.00249,0.00458,0.28639,0.88011,0.74808,0.69888,0.74484,0.59545,0.90276,0.55882,0.67122,0.45023,0.00584,0.02124,1.06679,1.16227,0.000798535,0.000798535,0.000798535
409,564.226,0.00252,0.00511,0.27307,0.89077,0.7003,0.73529,0.7609,0.60018,0.90465,0.55814,0.68643,0.47251,0.00587,0.02039,1.02806,1.14967,0.00079804,0.00079804,0.00079804
410,565.372,0.00259,0.00555,0.27838,0.90808,0.91239,0.61765,0.74075,0.60587,0.70166,0.67647,0.69315,0.48675,0.00576,0.01992,0.97019,1.15855,0.000797545,0.000797545,0.000797545
411,566.543,0.00239,0.00521,0.28613,0.89803,0.95184,0.58824,0.74482,0.61414,0.86655,0.64706,0.74552,0.5029,0.00564,0.01987,0.95573,1.15137,0.00079705,0.00079705,0.00079705
412,567.927,0.00265,0.00548,0.2959,0.90289,0.80415,0.72482,0.76649,0.61402,0.87181,0.67647,0.74271,0.50769,0.00547,0.02015,1.00734,1.12096,0.000796555,0.000796555,0.000796555
413,569.255,0.00274,0.00565,0.2963,0.92366,0.87888,0.70588,0.75532,0.6243,0.87888,0.70588,0.73537,0.47505,0.00514,0.02049,1.03899,1.08814,0.00079606,0.00079606,0.00079606
414,571.316,0.00287,0.00615,0.33029,0.90707,0.88867,0.70435,0.75404,0.63373,0.88867,0.70435,0.7344,0.48628,0.00501,0.01995,1.05104,1.08326,0.000795565,0.000795565,0.000795565
415,572.715,0.00256,0.00536,0.28465,0.88905,0.87691,0.70588,0.76589,0.64023,0.85263,0.64706,0.73667,0.49001,0.0051,0.01942,1.02113,1.08577,0.00079507,0.00079507,0.00079507
416,574.041,0.00245,0.00492,0.28818,0.86959,0.95812,0.67294,0.79813,0.65688,0.95094,0.64706,0.75361,0.49919,0.00548,0.01921,1.04261,1.14188,0.000794575,0.000794575,0.000794575
417,575.342,0.00246,0.00484,0.28448,0.88726,0.95107,0.67647,0.81634,0.66335,0.95107,0.67647,0.78946,0.49478,0.00542,0.01921,0.97725,1.15835,0.00079408,0.00079408,0.00079408
418,576.528,0.00248,0.00465,0.29146,0.86956,0.92121,0.73529,0.82728,0.67079,0.88854,0.70351,0.76937,0.52127,0.00541,0.01924,0.94859,1.14023,0.000793585,0.000793585,0.000793585
419,577.803,0.00236,0.00479,0.2736,0.87869,0.89815,0.79412,0.81804,0.66604,0.9539,0.67647,0.75776,0.52204,0.0054,0.01898,0.93576,1.14183,0.00079309,0.00079309,0.00079309
420,579.148,0.00249,0.00496,0.29078,0.85571,0.93054,0.78826,0.81259,0.65546,0.8612,0.7301,0.75405,0.53071,0.00557,0.01854,0.84191,1.2076,0.000792595,0.000792595,0.000792595
421,580.409,0.0024,0.00499,0.2882,0.87698,0.92747,0.79412,0.81297,0.66244,0.85857,0.73529,0.74925,0.54498,0.00534,0.01734,0.86567,1.14308,0.0007921,0.0007921,0.0007921
422,581.648,0.00273,0.00555,0.30029,0.93018,0.92886,0.79412,0.815,0.67032,0.89421,0.76471,0.77934,0.57324,0.00537,0.01586,0.83138,1.19252,0.000791605,0.000791605,0.000791605
423,582.877,0.00255,0.00482,0.28032,0.88227,0.96219,0.76471,0.8151,0.67608,0.92446,0.73529,0.77956,0.5778,0.0054,0.01457,0.86274,1.20847,0.00079111,0.00079111,0.00079111
424,584.178,0.00254,0.0047,0.26407,0.87829,0.87897,0.79412,0.81326,0.6714,0.87897,0.79412,0.81326,0.59819,0.0053,0.01385,0.90952,1.21737,0.000790615,0.000790615,0.000790615
425,585.429,0.00236,0.00464,0.27559,0.86525,0.8849,0.76471,0.8109,0.67429,0.8849,0.76471,0.8109,0.58428,0.00525,0.0135,0.95738,1.19268,0.00079012,0.00079012,0.00079012
426,586.637,0.00258,0.00571,0.28642,0.90343,0.89557,0.75692,0.80913,0.64662,0.89557,0.75692,0.80913,0.60265,0.00532,0.01351,0.93677,1.21449,0.000789625,0.000789625,0.000789625
427,587.909,0.00244,0.00489,0.27202,0.88909,0.95583,0.70588,0.80895,0.64358,0.95583,0.70588,0.80895,0.5833,0.00555,0.01394,0.97263,1.245,0.00078913,0.00078913,0.00078913
428,589.255,0.0024,0.00489,0.2664,0.88811,1,0.70123,0.81177,0.63177,1,0.70123,0.81177,0.56957,0.00556,0.01499,0.98244,1.22709,0.000788635,0.000788635,0.000788635
429,590.45,0.00257,0.00463,0.27579,0.88889,0.99589,0.70588,0.8027,0.62485,0.99589,0.70588,0.8027,0.56223,0.00583,0.0165,0.99962,1.25305,0.00078814,0.00078814,0.00078814
430,591.722,0.00238,0.00486,0.28244,0.87075,1,0.70451,0.79895,0.62622,1,0.70451,0.79895,0.52042,0.00601,0.01821,1.00615,1.26227,0.000787645,0.000787645,0.000787645
431,593.015,0.0026,0.00519,0.2926,0.88581,0.99151,0.67647,0.79091,0.62318,0.99151,0.67647,0.79091,0.4926,0.00604,0.02025,1.04657,1.23709,0.00078715,0.00078715,0.00078715
432,594.288,0.0025,0.00546,0.27725,0.88156,0.95052,0.67647,0.78662,0.63077,0.95052,0.67647,0.78662,0.46604,0.00598,0.02242,1.05742,1.21108,0.000786655,0.000786655,0.000786655
433,595.531,0.00243,0.00484,0.26323,0.86745,1,0.6458,0.77546,0.6321,1,0.6458,0.77546,0.46321,0.006,0.02402,1.01351,1.22835,0.00078616,0.00078616,0.00078616
434,596.755,0.00244,0.00511,0.28126,0.90405,0.91393,0.62487,0.76522,0.60863,0.91393,0.62487,0.76522,0.48007,0.00617,0.02507,1.09374,1.26197,0.000785665,0.000785665,0.000785665
435,598.059,0.00229,0.00477,0.25993,0.88823,0.81609,0.65271,0.75415,0.59976,0.81609,0.65271,0.75415,0.49535,0.00631,0.0248,1.19599,1.2898,0.00078517,0.00078517,0.00078517
436,599.343,0.00236,0.00519,0.27767,0.87175,0.91519,0.64706,0.74128,0.59588,0.91519,0.64706,0.74128,0.50127,0.00618,0.02441,1.25085,1.28806,0.000784675,0.000784675,0.000784675
437,601.539,0.00257,0.00513,0.30457,0.88922,0.87914,0.64706,0.74004,0.58555,0.87914,0.64706,0.74004,0.50066,0.00589,0.02364,1.31159,1.23614,0.00078418,0.00078418,0.00078418
438,602.777,0.00242,0.00505,0.2804,0.86977,0.89888,0.61765,0.72375,0.57018,0.89888,0.61765,0.72375,0.49367,0.00591,0.0225,1.35608,1.28109,0.000783685,0.000783685,0.000783685
439,604.097,0.00234,0.00514,0.27485,0.87225,0.85932,0.61765,0.72382,0.54453,0.85932,0.61765,0.72382,0.47144,0.00584,0.02152,1.40931,1.2745,0.00078319,0.00078319,0.00078319
440,605.397,0.00245,0.00508,0.27242,0.87747,0.80062,0.59062,0.71184,0.53165,0.80062,0.59062,0.71547,0.46069,0.00595,0.0203,1.48204,1.30036,0.000782695,0.000782695,0.000782695
441,606.569,0.00252,0.00579,0.27766,0.89218,0.71199,0.67647,0.72536,0.5467,0.71199,0.67647,0.72761,0.47244,0.00618,0.02006,1.42703,1.3492,0.0007822,0.0007822,0.0007822
442,607.886,0.00248,0.00496,0.27363,0.87566,0.8327,0.67647,0.76573,0.58624,0.8327,0.67647,0.76573,0.49289,0.00625,0.02073,1.2263,1.34379,0.000781705,0.000781705,0.000781705
443,609.211,0.00248,0.00507,0.26626,0.91387,0.88389,0.70588,0.80004,0.61872,0.88389,0.70588,0.80004,0.52755,0.00618,0.02223,1.10128,1.33361,0.00078121,0.00078121,0.00078121
444,610.448,0.0023,0.00518,0.27098,0.85758,0.9547,0.73529,0.81749,0.63873,0.9547,0.73529,0.81085,0.50277,0.006,0.02385,0.91218,1.34109,0.000780715,0.000780715,0.000780715
445,611.71,0.00259,0.00661,0.31486,0.88417,0.94193,0.73529,0.83055,0.64929,0.94193,0.73529,0.82904,0.48396,0.0061,0.02483,0.82843,1.39118,0.00078022,0.00078022,0.00078022
446,613.02,0.00254,0.00563,0.28708,0.86791,0.92463,0.73529,0.81756,0.64129,0.92463,0.73529,0.82863,0.45945,0.00595,0.026,0.85502,1.35267,0.000779725,0.000779725,0.000779725
447,614.358,0.00265,0.00505,0.2836,0.88309,0.95952,0.69745,0.81629,0.65128,0.91913,0.66875,0.78595,0.41996,0.00602,0.0278,0.83105,1.34992,0.00077923,0.00077923,0.00077923
448,615.7,0.00238,0.00462,0.27077,0.86724,0.88929,0.70886,0.81419,0.6331,0.78155,0.58824,0.63561,0.38117,0.00621,0.02932,0.80966,1.35987,0.000778735,0.000778735,0.000778735
449,616.932,0.00258,0.00537,0.3023,0.88658,0.88679,0.73529,0.82466,0.64464,0.74397,0.61765,0.64801,0.3942,0.00624,0.02892,0.8388,1.35937,0.00077824,0.00077824,0.00077824
450,618.23,0.00238,0.00489,0.27809,0.88809,0.92117,0.70588,0.82198,0.64358,0.87444,0.61463,0.69552,0.41155,0.00608,0.02768,0.8382,1.33404,0.000777745,0.000777745,0.000777745
451,619.52,0.00243,0.00497,0.26368,0.87769,0.9219,0.69462,0.81634,0.63488,0.8438,0.6358,0.77549,0.44378,0.0061,0.02406,0.77482,1.37448,0.00077725,0.00077725,0.00077725
452,620.821,0.0025,0.00525,0.28563,0.87112,0.91133,0.70588,0.83268,0.63466,0.87268,0.67647,0.80064,0.50403,0.00559,0.02075,0.77617,1.24733,0.000776755,0.000776755,0.000776755
453,622.153,0.00222,0.00486,0.24905,0.86831,0.88599,0.73529,0.85267,0.63088,0.85055,0.70588,0.81555,0.57298,0.00593,0.01817,0.8201,1.25922,0.00077626,0.00077626,0.00077626
